{
    "id": "000061:1101.5345--1801.02816",
    "plagiarism": {
        "similarity": "0.9797",
        "type": "original",
        "llm": "Mistral",
        "severity": "medium"
    },
    "source": {
        "doc_id": "1101.5345",
        "arxiv_id": "1101.5345",
        "meta": {
            "date": "2011.01",
            "archive": "Computer Science",
            "categories": [
                "cs.DS",
                "cs.DM"
            ],
            "authors": [
                [
                    "Ron",
                    "Dana",
                    ""
                ],
                [
                    "Rubinfeld",
                    "Ronitt",
                    ""
                ],
                [
                    "Safra",
                    "Muli",
                    ""
                ],
                [
                    "Weinstein",
                    "Omri",
                    ""
                ]
            ],
            "license": "http://arxiv.org/licenses/nonexclusive-distrib/1.0/",
            "journal-ref": null,
            "doi": null
        },
        "title": "Approximating the influence of a monotone Boolean function in $O(\\sqrt{n})$ query complexity",
        "abstract": [
            {
                "id": "id9.8",
                "content": "The Total Influence ( Average Sensitivity ) of a discrete function is one of its fundamental measures. We study the problem of approximating the total influence of a monotone Boolean function $f:\\{0,1\\}^{n}\\to\\{0,1\\}$ , which we denote by $I[f]$ . We present a randomized algorithm that approximates the influence of such functions to within a multiplicative factor of $(1\\pm\\epsilon)$ by performing $O\\left(\\frac{\\sqrt{n}\\log n}{I[f]}{\\rm poly}(1/\\epsilon)\\right)$ queries. We also prove a lower bound of $\\Omega\\left(\\frac{\\sqrt{n}}{\\log n\\cdot I[f]}\\right)$ on the query complexity of any constant-factor approximation algorithm for this problem (which holds for $I[f]=\\Omega(1)$ ), hence showing that our algorithm is almost optimal in terms of its dependence on $n$ . For general functions we give a lower bound of $\\Omega\\left(\\frac{n}{I[f]}\\right)$ , which matches the complexity of a simple sampling algorithm."
            }
        ],
        "sections": [
            {
                "id": "S1",
                "tag": "1",
                "title": "Introduction",
                "paragraphs": [
                    {
                        "id": "S1.p1",
                        "content": "The influence of a function, first introduced by Ben-Or and Linial [2] in the context of “collective coin-flipping”, captures the notion of the sensitivity of a multivariate function. More precisely, for a Boolean function $f:\\{0,1\\}^{n}\\to\\{0,1\\}$ , the individual influence of coordinate $i$ on $f$ is defined as $I_{i}[f]\\stackrel{{\\scriptstyle\\rm def}}{{=}}{\\rm Pr}_{x\\in\\{0,1\\}^{n}}[f(x)\\neq f(x^{(\\oplus i)})]$ , where $x$ is selected uniformly \\footnote{ 1 The influence can be defined with respect to other probability spaces (as well as for non-Boolean functions), but we focus on the above definition.} in $\\{0,1\\}^{n}$ and $x^{(\\oplus i)}$ denotes $x$ with the $i^{\\rm th}$ bit flipped. The total influence of a Boolean function $f$ (which we simply refer to as the influence of $f$ ) is $I[f]=\\sum_{i}{I_{i}[f]}$ ."
                    },
                    {
                        "id": "S1.p2",
                        "content": "The study of the influence of a function and its individual influences (distribution) has been the focus of many papers ( [2] to mention a few – for a survey see [17] ). The influence of functions has played a central role in several areas of computer science. In particular, this is true for distributed computing (e.g., [2] ), hardness of approximation (e.g., [12] ), learning theory (e.g., [18] ) \\footnote{ 2 Here we referenced several works in which the influence appears explicitly. The influence of variables plays an implicit role in many learning algorithms, and in particular those that build on Fourier analysis, beginning with [25] .} and property testing  (e.g., [13] ). The notion of influence also arises naturally in the context of probability theory (e.g., [32] ), game theory (e.g., [24] ), reliability theory (e.g., [23] ), as well as theoretical economics and political science (e.g., [1] )."
                    },
                    {
                        "id": "S1.p3",
                        "content": "Given that the influence is such a basic measure of functions and it plays an important role in many areas, we believe it is of interest to study the algorithmic question of approximating the influence of a function as efficiently as possible, that is by querying the function on as few inputs as possible. Specifically, the need for an efficient approximation for a function’s influence might arise in the design of sublinear algorithms, and in particular property testing algorithms."
                    },
                    {
                        "id": "S1.p4",
                        "content": "As we show, one cannot improve on a standard sampling argument for the problem of estimating the influence of a general Boolean function, which requires $\\Omega(\\frac{n}{I[f]})$ queries to the function, for any constant multiplicative estimation factor. \\footnote{ 3 If one wants an additive error of $\\epsilon$ , then $\\Omega((n/\\epsilon)^{2})$ queries are necessary (when the influence is large) [27] .} This fact justifies the study of subclasses of Boolean functions, among which the family of monotone functions is a very natural and central one. Indeed, we show that the special structure of monotone functions implies a useful behavior of their influence, and thus the computational problem of approximating the influence of such functions becomes significantly easier."
                    }
                ]
            },
            {
                "id": "S1.SS1",
                "tag": "1.1",
                "title": "Our results and techniques",
                "paragraphs": [
                    {
                        "id": "S1.SS1.p1",
                        "content": "We present a randomized algorithm that approximates the influence of a monotone Boolean function to within any multiplicative factor of $(1\\pm\\epsilon)$ in $O\\left(\\frac{\\sqrt{n}\\log n}{I[f]}{\\rm poly}(1/\\epsilon)\\right)$ expected query complexity. We also prove an almost matching lower bound of $\\Omega\\left(\\frac{\\sqrt{n}}{\\log n\\cdot I[f]}\\right)$ on the query complexity of any constant-factor approximation algorithm for this problem (which holds for $I[f]=\\Omega(1)$ )."
                    },
                    {
                        "id": "S1.SS1.p2",
                        "content": "As noted above, the influence of a function can be approximated by sampling random edges (i.e., pairs $(x,x^{(\\oplus i)})$ that differ on a single coordinate) from the $\\{0,1\\}^{n}$ lattice. A random edge has probability $\\frac{I[f]}{n}$ to be influential (i.e, satisfy $f(x)\\neq f(x^{(\\oplus i)})$ ), so a standard sampling argument implies that it suffices to ask $O(\\frac{n}{I[f]}{\\rm poly}(1/\\epsilon))$ queries in order to approximate this probability to within $(1\\pm\\epsilon)$ . \\footnote{ 4 We also note that in the case of monotone functions, the total influence equals twice the sum of the Fourier coefficients that correspond to singleton sets $\\{i\\}$ , $i\\in\\{1,\\ldots,n\\}$ . Therefore, it is possible to approximate the influence of a function by approximating this sum, which equals $\\frac{1}{2^{n}}\\cdot\\sum_{i=1}^{n}\\left(\\sum_{x\\in\\{0,1\\}^{n}:x_{i}=1}f(x)-\\sum_{x\\in\\{0,1\\}^{n}:x_{i}=0}f(x)\\right)$ . However, the direct sampling approach for such an approximation again requires $\\Omega(n/I[f])$ samples.}"
                    },
                    {
                        "id": "S1.SS1.p3",
                        "content": "In order to achieve better query complexity, we would like to increase the probability of hitting an influential edge in a single trial. The algorithm we present captures this intuition, by taking random walks down the $\\{0,1\\}^{n}$ lattice \\footnote{ 5 That is, starting from a randomly selected point in $\\{0,1\\}^{n}$ , at each step, if the current point is $x$ , we uniformly select an index $i$ such that $x_{i}=1$ and continue the walk to $x^{(\\oplus i)}$ .} , and then averaging the total number of influential edges encountered in all walks over the number of walks taken. The crucial observation on which the algorithm relies, is that a monotone function can have at most one influential edge in a single path, and thus it is sufficient to query only the start and end points of the walk to determine whether any influential edge was traversed."
                    },
                    {
                        "id": "S1.SS1.p4",
                        "content": "Before continuing the technical discussion concerning the algorithm and its analysis, we make the following more conceptual note. Random walks have numerous applications in Computer Science as they are an important tool for mixing and sampling almost uniformly. In our context, where the walk is performed on the domain of an unknown function, it is used for a different purpose. Namely, by querying only the two endpoints of a random walk (starting from a uniformly sampled element) we (roughly) simulate the process of taking a much larger sample of elements."
                    },
                    {
                        "id": "S1.SS1.p5",
                        "content": "The main issue that remains is determining the length of the walk, which we denote by $w$ . Let $p_{w}(f)$ denote the probability that a walk of length $w$ (down the lattice and from a uniformly selected starting point) passes through some influential edge. \\footnote{ 6 For technical reasons we actually consider a slightly different measure than $p_{w}(f)$ , but we ignore this technicality in the introduction.} We are interested in analyzing how $p_{w}(f)$ increases as a function of $w$ . We show that for $w$ that is $O(\\epsilon\\sqrt{n/\\log n})$ , the value of $p_{w}(f)$ increases almost linearly with $w$ . Namely, it is $(1\\pm\\epsilon)\\cdot\\frac{w}{n}\\cdot I[f]$ . Thus, by taking $w$ to be $\\Theta(\\epsilon\\sqrt{n/\\log n})$ we get an improvement by a factor of roughly $\\sqrt{n}$ on the basic sampling algorithm. We note though that by taking $w$ to be larger we cannot ensure in general the same behavior of $p_{w}(f)$ as a function of $w$ and $I[f]$ , since the behavior might vary significantly depending on $f$ ."
                    },
                    {
                        "id": "S1.SS1.p6",
                        "content": "The way we prove the aforementioned dependence of $p_{w}(f)$ on $w$ is roughly as follows. For any edge $e$ in the Boolean lattice, let $p_{w}(e)$ denote the probability that a walk of length $w$ (as defined above) passes through $e$ . By the observation made previously, that a monotone function can have at most one influential edge in a given path, $p_{w}(f)$ is the sum of $p_{w}(e)$ , taken over all edges $e$ that are influential with respect to $f$ . For our purposes it is important that $p_{w}(e)$ be roughly the same for almost all edges. Otherwise, different functions that have the same number of influential edges, and hence the same influence $I[f]$ , but whose influential edges are distributed differently in the Boolean lattice, would give different values for $p_{w}(f)$ . We show that for $w=O(\\epsilon\\sqrt{n/\\log n})$ , the value of $p_{w}(e)$ increases almost linearly with $w$ for all but a negligible fraction of the influential edges (where ‘negligible’ is with respect to $I[f]$ ). This implies that $p_{w}(f)$ grows roughly linearly in $w$ for $w=O(\\epsilon\\sqrt{n/\\log n})$ ."
                    },
                    {
                        "id": "S1.SS1.p7",
                        "content": "To demonstrate the benefit of taking walks of length $O(\\sqrt{n})$ , let us consider the classic example of the Majority function on $n$ variables. Here, all influential edges are concentrated in the exact middle levels of the lattice (i.e, all of them are of the form $(x,x^{(\\oplus i)})$ where the Hamming weight of $x$ is $\\lfloor n/2\\rfloor$ or $\\lceil n/2\\rceil$ ). The probability, $p_{w}(e)$ , of a walk of length $w$ passing through an influential edge $e$ is simply the probability of starting the walk at distance at most $w$ above the threshold $n/2$ . Thus, taking longer walks allows us, so to speak, to start our walk from a higher point in the lattice, and still hit an influential edge. Since the probability of a uniformly chosen point to fall in each one of the the first $\\sqrt{n}$ levels above the middle is roughly the same, the probability of hitting an influential edge in that case indeed grows roughly linearly in the size of the walk. Nevertheless, taking walks of length which significantly exceeds $O(\\sqrt{n})$ (say, even $\\Omega(\\sqrt{n\\cdot\\log(n)})$ ) would add negligible contribution to that probability (as this contribution is equivalent to the probability of a uniformly chosen point to deviate $\\Omega(\\sqrt{n\\cdot\\log(n)})$ levels from the middle level) and thus the linear dependence on the length of the walk is no longer preserved."
                    }
                ]
            },
            {
                "id": "S2",
                "tag": "2",
                "title": "Preliminaries",
                "paragraphs": [
                    {
                        "id": "S2.p1",
                        "content": "In the introduction we defined the influence of a function as the sum, over all its variables, of their individual influence. An equivalent definition is that the influence of a function $f$ is the expected number of sensitive coordinates for a random input $x\\in\\{0,1\\}^{n}$ (that is, those coordinates $i$ for which $f(x)\\neq f(x^{(\\oplus i)})$ )."
                    },
                    {
                        "id": "S2.p2",
                        "content": "It will occasionally be convenient to view $f$ as a $2$ -coloring of the Boolean lattice. Under this setting, any “bi-chromatic” edge, i.e, an edge $(x,x^{(\\oplus i)})$ such that $f(x)\\neq f(x^{(\\oplus i)})$ , will be called an influential edge . The number of influential edges of a Boolean function $f$ is $2^{n-1}\\cdot I[f]$ . \\footnote{ 7 To verify this, observe that when partitioning the Boolean lattice into two sets with respect to a coordinate $i$ , we end up with $2^{n-1}$ vertices in each set. The individual influence of variable $i$ , $I_{i}[f]$ , is the fraction of the “bi-chromatic” edges among all edges crossing the cut. Since $I[f]=\\sum_{i=1}^{n}I_{i}[f]$ we get that the total number of influential edges is $2^{n-1}\\cdot I[f]$ .}"
                    },
                    {
                        "id": "S2.p3",
                        "content": "We consider the standard partial order ‘ $\\prec$ ’ over the ( $n$ -dimensional) Boolean lattice. Namely, for $x=(x_{1},...,x_{n}),y=(y_{1},...,y_{n})\\in\\{0,1\\}^{n}$ , we use the notation $x\\prec y$ to mean that $x_{i}\\leq y_{i}$ for every $1\\leq i\\leq n$ , and $x_{i}<y_{i}$ for some $1\\leq i\\leq n$ . A Boolean function $f:\\{0,1\\}^{n}\\to\\{0,1\\}$ is said to be monotone if $f(x)\\leq f(y)$ for all $x\\prec y$ . A well known isoperimetric inequality implies that any monotone Boolean function satisfies $I[f]=O(\\sqrt{n})$ (see [16] for a proof). This bound is tight for the notable Majority function."
                    },
                    {
                        "id": "S2.p4",
                        "content": "In this paper we deal mainly with monotone Boolean functions that have at least constant Influence (i.e, $I[f]\\geq c$ , for some $c\\geq 0$ ), since the computational problem we study arises more naturally when the function has some significant sensitivity. As shown in [21] , the influence of a function is lower bounded by $4\\cdot{\\rm Pr}[f=1]\\cdot{\\rm Pr}[f=0]$ , and so our analysis holds in particular for functions that are not too biased (relatively balanced)."
                    },
                    {
                        "id": "S2.p5",
                        "content": "Notations. We use the notation $f(n)=\\tilde{O}(g(n))$ if $f(n)=O(g(n){\\rm polylog}(g(n)))$ . Similarly, $f(n)=\\tilde{\\Omega}(g(n))$ if $f(n)=\\Omega(g(n)/{\\rm polylog}(g(n)))$ ."
                    }
                ]
            },
            {
                "id": "S3",
                "tag": "3",
                "title": "The Algorithm",
                "paragraphs": [
                    {
                        "id": "S3.p1",
                        "content": "As noted in the introduction, we can easily get a $(1\\pm\\epsilon)$ -factor estimate of the influence with high constant probability by uniformly sampling $\\Theta\\left(\\frac{n}{I[f]}\\cdot\\epsilon^{-2}\\right)$ pairs $(x,x^{(\\oplus i)})$ (edges in the Boolean lattice), querying the function on these pairs, and considering the fraction of influential edges observed in the sample. We refer to this as the direct sampling approach . However, since we are interested in an algorithm whose complexity is $\\frac{\\sqrt{n}}{I[f]}\\cdot{\\rm poly}(1/\\epsilon)$ we take a different approach. To be precise, the algorithm we describe works for $\\epsilon$ that is above a certain threshold (of the order of $\\sqrt{\\log n/n}$ ). However, if $\\epsilon$ is smaller, then $\\frac{n}{I[f]}\\cdot\\epsilon^{-2}$ is upper bounded by $\\frac{\\sqrt{n}}{I[f]}\\cdot{\\rm poly}(1/\\epsilon)$ , and we can take the direct sampling approach. Thus we assume from this point on that $\\epsilon=\\omega(\\sqrt{\\log n/n})$ ."
                    },
                    {
                        "id": "S3.p2",
                        "content": "As discussed in the introduction, instead of considering neighboring pairs, $(x,x^{(\\oplus i)})$ , we consider pairs $(v,u)$ such that $v\\succ u$ and there is a path down the lattice of length roughly $\\epsilon\\sqrt{n}$ between $v$ and $u$ . Observe that since the function $f$ is monotone, if the path (down the lattice) from $v$ to $u$ contains an influential edge, then $f(v)\\neq f(u)$ , and furthermore, any such path can contain at most one influential edge. The intuition is that since we “can’t afford” to detect influential edges directly, we raise our probability of detecting edges by considering longer paths."
                    },
                    {
                        "id": "S3.p3",
                        "content": "In our analysis we show that this intuition can be formalized so as to establish the correctness of the algorithm. We stress that when considering a path, the algorithm only queries its endpoints, so that it “doesn’t pay” for the length of the path. The precise details of the algorithm are given in Figure 1 . When we say that we take a walk of a certain length $w$ down the Boolean lattice with a cut-off at a certain level $\\ell$ , we mean that we stop the walk (before taking all $w$ steps) if we reach a point in level $\\ell$ (i.e., with Hamming weight $\\ell$ )."
                    },
                    {
                        "id": "S3.p4",
                        "content": "Note that $m$ , the number of walks taken, is a random variable. Namely, the algorithm continues taking new walks until the number of “successful” walks (that is, walks that pass through an influential edge) reaches a certain threshold, which is denoted by $t$ . The reason for doing this, rather than deterministically setting the number of walks and considering the random variable which is the number of successful walks, is that the latter approach requires to know a lower bound on the influence of $f$ . While it is possible to search for such a lower bound (by working iteratively in phases and decreasing the lower bound on the influence between phases) our approach yields a somewhat simpler algorithm."
                    },
                    {
                        "id": "S3.p5",
                        "content": "In what follows we assume for simplicity that $I[f]\\geq 1$ . As we discuss subsequently, this assumption can be easily replaced by $I[f]\\geq c$ for any constant $c>0$ , or even $I[f]\\geq n^{-c}$ , by performing a slight modification in the setting of the parameters of the algorithm."
                    },
                    {
                        "id": "S3.Thmthm1.p1",
                        "content": "For every monotone function $f:\\{0,1\\}^{n}\\to\\{0,1\\}$ such that $I[f]\\geq 1$ , and for every $\\delta>0$ and $\\epsilon=\\omega(\\sqrt{\\log n/n})$ , with probability at least $1-\\delta$ , the output, $\\hat{I}$ , of Algorithm 1 satisfies: \n \n $(1-\\epsilon)\\cdot I[f]\\leq\\hat{I}\\leq(1+\\epsilon)\\cdot I[f]\\;.$ \n Furthermore, with probability at least $1-\\delta$ , the number of queries performed by the algorithm is $O\\left(\\frac{\\log(1/\\delta)}{\\epsilon^{3}}\\cdot\\frac{\\sqrt{n}\\log(n/\\epsilon)}{I[f]}\\right)$ ."
                    },
                    {
                        "id": "S3.p6",
                        "content": "We note that the (probabilistic) bound on the number of queries performed by the algorithm implies that the expected query complexity of the algorithm is $O\\left(\\frac{\\log(1/\\delta)}{\\epsilon^{3}}\\cdot\\frac{\\sqrt{n}\\log(n/\\epsilon)}{I[f]}\\right)$ . Furthermore, the probability that the algorithm performs a number of queries that is more than $k$ times the expected value decreases exponentially with $k$ ."
                    },
                    {
                        "id": "S3.p7",
                        "content": "The next definition is central to our analysis."
                    },
                    {
                        "id": "Thmdefinition1.p1",
                        "content": "For a (monotone) Boolean function $f$ and integers $w$ and $s^{*}$ , let $p_{w,s^{*}}(f)$ denote the probability that a random walk of length $w$ down the Boolean lattice, from a uniformly selected point and with a cut-off at $n/2-s^{*}-1$ , starts from $f(v)=1$ and reaches $f(u)=0$ ."
                    },
                    {
                        "id": "S3.p8",
                        "content": "Given the definition of $p_{w,s^{*}}(f)$ , we next state and prove the main lemma on which the proof of Theorem 3.1 is based."
                    },
                    {
                        "id": "S3.Thmthm2.p1",
                        "content": "Let $f$ satisfy $I[f]\\geq 1$ , let $\\epsilon>0$ satisfy $\\epsilon>\\frac{8\\sqrt{2\\log(\\frac{8n}{\\epsilon})}}{\\sqrt{n}}$ , and denote $\\tilde{\\epsilon}=\\epsilon/4$ . For any $w\\leq\\frac{\\tilde{\\epsilon}\\sqrt{n}}{16\\sqrt{2\\log(\\frac{2n}{\\tilde{\\epsilon}I[f]})}}$ and for $s^{*}=\\frac{1}{2}\\sqrt{n}\\cdot\\sqrt{2\\log(\\frac{2n}{\\tilde{\\epsilon}})}$ we have that \n \n $(1-\\epsilon/2)\\cdot\\frac{w}{n}\\cdot I[f]\\;\\leq\\;p_{w,s^{*}}(f)\\;\\leq\\;(1+\\epsilon/2)\\cdot\\frac{w}{n}\\cdot I[f]\\;.$ \n"
                    },
                    {
                        "id": "S3.p9",
                        "content": "Proof: For a point $y\\in\\{0,1\\}^{n}$ , let $h(y)$ denote its Hamming weight (which we also refer to as the level in the Boolean lattice that it belongs to). By the choice of $s^{*}=\\frac{1}{2}\\sqrt{n}\\sqrt{2\\log(\\frac{2n}{\\tilde{\\epsilon}})}$ , and since $I[f]\\geq 1$ , the number of points $y$ for which $h(y)\\geq n/2+s^{*}$ or $h(y)\\leq n/2-s^{*}$ , is upper bounded by $2^{n}\\cdot\\frac{\\tilde{\\epsilon}I[f]}{n}$ . Each such point $y$ is incident to $n$ edges, and each edge has two endpoints. It follows that there are at most $2^{n-1}\\cdot\\tilde{\\epsilon}I[f]$ edges $(y,x)$ for which $h(y)\\geq n/2+s^{*}$ or $h(y)\\leq n/2-s^{*}$ . Recall that an influential edge $(y,x)$ for $h(y)=h(x)+1$ , is an edge that satisfies $f(y)=1$ and $f(x)=0$ . Let $e_{s^{*}}(f)$ denote the number of influential edges $(y,x)$ such that $n/2-s^{*}\\leq h(x),h(y)\\leq n/2+s^{*}$ . Since the total number of influential edges is $2^{n-1}I[f]$ , we have that \n \n $(1-\\tilde{\\epsilon})\\cdot 2^{n-1}I[f]\\;\\leq\\;e_{s^{*}}(f)\\;\\leq\\;2^{n-1}I[f]\\;.$  (1) \n"
                    },
                    {
                        "id": "S3.p10",
                        "content": "Consider any influential edge $(y,x)$ where $h(y)=\\ell$ and $\\ell\\geq n/2-s^{*}$ . We are interested in obtaining bounds on the probability that a random walk of length $w$ (where $w\\leq\\frac{\\tilde{\\epsilon}\\sqrt{n}}{16\\sqrt{2\\log(\\frac{2n}{\\tilde{\\epsilon}I[f]})}}$ ) down the lattice, starting from a uniformly selected point $v\\in\\{0,1\\}^{n}$ , and with a cut-off at $n/2-s^{*}-1$ , passes through $(y,x)$ . First, there is the event that $v=y$ and the edge $(y,x)$ was selected in the first step of the walk. This event occurs with probability $2^{-n}\\cdot\\frac{1}{\\ell}$ . Next there is the event that $v$ is at distance $1$ from $y$ (and above it, that is, $h(v)=h(y)+1=\\ell+1$ ), and the edges $(v,y)$ and $(y,x)$ are selected. This occurs with probability $2^{-n}\\cdot(n-\\ell)\\cdot\\frac{1}{\\ell+1}\\cdot\\frac{1}{\\ell}$ . In general, for every $1\\leq i\\leq w-1$ we have $(n-\\ell)\\cdots(n-\\ell-i+1)$ pairs $(v,P)$ where $v\\succ y$ and $w(v)=\\ell+i$ , and where $P$ is a path down the lattice from $v$ to $y$ . The probability of selecting $v$ as the starting vertex is $2^{-n}$ and the probability of taking the path $P$ from $v$ is $\\frac{1}{(\\ell+i)\\cdots(\\ell+1)}$ . Therefore, the probability that the random walk passes through $(y,x)$ is: \n \n $2^{-n}\\cdot\\frac{1}{\\ell}\\cdot\\left(1+\\sum_{i=1}^{w-1}\\frac{(n-\\ell)\\cdots(n-\\ell-i+1)}{(\\ell+i)\\cdots(\\ell+1)}\\right)=2^{-n}\\cdot\\frac{1}{\\ell}\\left(1+\\sum_{i=1}^{w-1}\\prod_{j=0}^{i-1}\\frac{n-\\ell-j}{\\ell+i-j}\\right)\\;.$  (2) \n Let $\\ell=n/2+s$ (where $s$ may be negative), and denote $\\tau(\\ell,i,j)\\stackrel{{\\scriptstyle\\rm def}}{{=}}\\frac{n-\\ell-j}{\\ell+i-j}$ . Then \n \n $\\tau(\\ell,i,j)=\\frac{n/2-s-j}{n/2+s+i-j}=1-\\frac{2s+i}{n/2+s+i-j}\\;.$  (3) \n Consider first the case that $\\ell\\geq n/2$ , i.e $\\ell=n/2+s$ ( $s\\geq 0$ ). In that case it is clear that $\\tau(\\ell,i,j)\\leq 1$ (since $j\\leq i$ ), so $\\prod_{j=0}^{i-1}\\tau(\\ell,i,j)$ is upper bounded by 1. In order to lower bound $\\prod_{j=0}^{i-1}\\tau(\\ell,i,j)$ , we note that \n \n $\\tau(\\ell,i,j)\\geq 1-\\frac{2s+w}{n/2}=1-\\frac{2(2s+w)}{n}\\;.$  (4) \n Thus, for $s\\leq s^{*}$ we have \n \n $\\displaystyle\\prod_{j=0}^{i-1}\\tau(\\ell,i,j)$ $\\displaystyle\\geq$ $\\displaystyle\\prod_{j=0}^{i-1}\\left(1-\\frac{2(2s+w)}{n}\\right)$  (5) \n $\\displaystyle\\geq$ $\\displaystyle\\left(1-\\frac{2(2s+w)}{n}\\right)^{w}\\hskip 36.0pt\\mbox{(since $i\\leq w$)}$ \n $\\displaystyle\\geq$ $\\displaystyle 1-\\frac{2(2s+w)w}{n}$ \n $\\displaystyle\\geq$ $\\displaystyle 1-\\frac{6s^{*}w}{n}\\hskip 72.0pt\\mbox{($2s+w\\geq 3s^{*}$ since $s\\leq s^{*}$ and $w\\leq s^{*}$)}$ \n $\\displaystyle=$ $\\displaystyle 1-\\frac{3\\tilde{\\epsilon}}{16}\\hskip 84.0pt\\mbox{(by the definitions of $s^{*}$ and $w$)}$ \n $\\displaystyle\\geq$ $\\displaystyle 1-\\tilde{\\epsilon}/2\\;.$ \n Therefore, we have that for $n/2\\leq\\ell\\leq n/2+s^{*}$ , \n \n $1-\\tilde{\\epsilon}/2\\;\\leq\\;\\prod_{j=0}^{i-1}\\frac{n-\\ell-j}{\\ell+i-j}\\;\\leq\\;1\\;,$  (6) \n and for $\\ell>n/2+s^{*}$ it holds that \n \n $\\prod_{j=0}^{i-1}\\frac{n-\\ell-j}{\\ell+i-j}\\leq 1\\;.$  (7) \n"
                    },
                    {
                        "id": "S3.p11",
                        "content": "\n We turn to the case where $n/2-s^{*}\\leq\\ell<n/2$ . Here we have \n \n $\\tau(\\ell,i,j)\\;=\\;1+\\frac{2s-i}{n/2-s+i-j}\\;\\geq\\;1-\\frac{2w}{n-2w}\\;\\geq\\;1-\\frac{4w}{n}$  (8) \n where the last inequality follows from the fact that $w<n/4$ . Thus, \n \n $\\prod_{j=0}^{i-1}\\tau(\\ell,i,j)\\;\\geq\\;\\left(1-\\frac{4w}{n}\\right)^{w}\\;\\geq\\;1-\\frac{4w^{2}}{n}\\;=\\;1-\\frac{4}{n}\\cdot\\left(\\frac{\\tilde{\\epsilon}\\sqrt{n}}{16\\sqrt{2\\log(\\frac{2n}{\\tilde{\\epsilon}I[f]})}}\\right)^{2}\\;>\\;1-\\tilde{\\epsilon}^{2}/2\\;>\\;1-\\tilde{\\epsilon}/2\\;.$  (9) \n On the other hand, \n \n $\\tau(\\ell,i,j)\\;=\\;1+\\frac{2s-i}{n/2-s+i-j}\\;\\leq\\;1+\\frac{2s}{n/2-s}\\;\\leq\\;1+\\frac{8s^{*}}{n}\\;,$  (10) \n where the last inequality holds since $n\\geq 2s$ . Thus, we have \n \n $\\prod_{j=0}^{i-1}\\tau(\\ell,i,j)\\;\\leq\\;\\left(1+\\frac{8s^{*}}{n}\\right)^{w}\\;\\leq\\;1+\\frac{16s^{*}w}{n}\\;=\\;1+\\tilde{\\epsilon}/2\\;.$  (11) \n where the second inequality follows from the inequality $(1+\\alpha)^{k}\\leq 1+2\\alpha k$ which holds for $\\alpha<1/(2k)$ ; Indeed, in our case $8s^{*}/n\\leq 1/(2w)$ (this is equivalent to $w\\leq n/16s^{*}$ which holds given our setting of $s^{*}$ and the upper bound on $w$ )."
                    },
                    {
                        "id": "S3.p12",
                        "content": "We therefore have that for $n/2-s^{*}\\leq\\ell<n/2$ , \n \n $1-\\tilde{\\epsilon}/2\\;\\leq\\;\\prod_{j=0}^{i-1}\\frac{n-\\ell-j}{\\ell+i-j}\\;\\leq\\;1+\\tilde{\\epsilon}/2\\;.$  (12) \n Combining Equations ( 6 ) and ( 12 ), we have that for $n/2-s^{*}\\leq\\ell\\leq n/2+s^{*}$ , \n \n $1-\\tilde{\\epsilon}/2\\;\\leq\\;\\prod_{j=0}^{i-1}\\frac{n-\\ell-j}{\\ell+i-j}\\;\\leq\\;1+\\tilde{\\epsilon}/2\\;.$  (13) \n Now, we are interested in summing up the probability, over all random walks, that the walk passes through an influential edge. Since the function is monotone, every random walk passes through at most one influential edge, so the sets of random walks that correspond to different influential edges are disjoint (that is, the event that a walk passes through an influential edge $(y,x)$ is disjoint from the event that it passes through another influential edge $(y^{\\prime},x^{\\prime})$ ). Since the edges that contribute to $p_{w,s^{*}}(f)$ are all from levels $\\ell\\geq n/2-s^{*}$ (and since there are $2^{n-1}I[f]$ influential edges in total), by Equations ( 2 ), ( 7 ) and ( 13 ) we have \n \n $\\displaystyle p_{w,s^{*}}(f)$ $\\displaystyle\\leq$ $\\displaystyle 2^{n-1}I[f]2^{-n}\\cdot\\frac{1}{n/2-s^{*}}\\left(1+\\sum_{i=1}^{w-1}(1+\\tilde{\\epsilon}/2)\\right)$  (14) \n \n $\\displaystyle\\leq$ $\\displaystyle\\frac{1}{2}I[f]\\cdot\\frac{1}{n/2-s^{*}}\\cdot w(1+\\tilde{\\epsilon}/2)$  (15) \n \n $\\displaystyle\\leq$ $\\displaystyle\\frac{1}{2}I[f]\\cdot\\frac{2}{n}(1+\\tilde{\\epsilon})\\cdot w(1+\\tilde{\\epsilon}/2)$  (16) \n \n $\\displaystyle\\leq$ $\\displaystyle\\frac{I[f]\\cdot w}{n}\\cdot(1+2\\tilde{\\epsilon})$  (17) \n \n $\\displaystyle=$ $\\displaystyle\\frac{I[f]\\cdot w}{n}(1+\\epsilon/2)\\;,$  (18) \n where Equation ( 16 ) follows from the definition of $s^{*}$ , the premise of the lemma that $\\epsilon>\\frac{8\\sqrt{2\\log(\\frac{8n}{\\epsilon})}}{\\sqrt{n}}$ and $\\tilde{\\epsilon}=\\epsilon/4$ ."
                    },
                    {
                        "id": "S3.p13",
                        "content": "For lower bounding $p_{w,s^{*}}(f)$ , we will consider only the contribution of the influential edges that belong to levels $\\ell\\leq n/2+s^{*}$ . Consequently, Equations ( 1 ), ( 2 ) and ( 13 ) give in total \n \n $\\displaystyle p_{w,s^{*}}(f)$ $\\displaystyle\\geq$ $\\displaystyle 2^{n-1}(1-\\tilde{\\epsilon})I[f]2^{-n}\\cdot\\frac{1}{n/2+s^{*}}\\left(1+\\sum_{i=1}^{w-1}(1-\\tilde{\\epsilon}/2)\\right)$  (19) \n \n $\\displaystyle\\geq$ $\\displaystyle\\frac{1}{2}I[f](1-\\tilde{\\epsilon})w(1-\\tilde{\\epsilon/2})\\cdot\\frac{1}{n/2+s^{*}}$  (20) \n \n $\\displaystyle\\geq$ $\\displaystyle\\frac{1}{2}I[f]\\cdot w(1-\\tilde{\\epsilon})(1-\\tilde{\\epsilon/2})\\cdot\\frac{2}{n}(1-\\tilde{\\epsilon})$  (21) \n \n $\\displaystyle\\geq$ $\\displaystyle\\frac{I[f]\\cdot w}{n}(1-2\\tilde{\\epsilon})$  (22) \n \n $\\displaystyle=$ $\\displaystyle\\frac{I[f]\\cdot w}{n}(1-\\epsilon/2)\\;,$  (23) \n where Equation ( 21 ) follows from the definition of $s^{*}$ , the premise of the lemma that $\\epsilon>\\frac{8\\sqrt{2\\log(\\frac{8n}{\\epsilon})}}{\\sqrt{n}}$ and $\\tilde{\\epsilon}=\\epsilon/4$ ."
                    },
                    {
                        "id": "S3.p14",
                        "content": "Equations ( 18 ) and ( 23 ) give \n \n $(1-\\epsilon/2)\\cdot\\frac{w}{n}\\cdot I[f]\\leq p_{w,s^{*}}(f)\\leq(1+\\epsilon/2)\\cdot\\frac{w}{n}\\cdot I[f]\\;,$  (24) \n as claimed in the Lemma."
                    },
                    {
                        "id": "S3.p15",
                        "content": "Proof of Theorem 3.1 : For $w$ and $s^{*}$ as set by the algorithm, let $p_{w,s^{*}}(f)$ be as in Definition 1 , where we shall use the shorthand $p(f)$ . Recall that $m$ is a random variable denoting the number of iterations performed by the algorithm until it stops (once $\\alpha=t$ ). Let $\\tilde{m}=\\frac{t}{p(f)}$ , $\\tilde{m}_{1}=\\frac{\\tilde{m}}{(1+\\epsilon/4)}$ , and $\\tilde{m}_{2}=\\frac{\\tilde{m}}{(1-\\epsilon/4)}$ . We say that an iteration of the algorithm is successful if the walk taken in that iteration passes through an influential edge (so that the value of $\\alpha$ is increased by $1$ ). Let $\\hat{p}(f)=\\frac{t}{m}$ denote the fraction of successful iterations."
                    },
                    {
                        "id": "S3.p16",
                        "content": "Suppose that $\\tilde{m}_{1}\\leq m\\leq\\tilde{m}_{2}$ . In such a case, \n \n $(1-\\epsilon/4)\\cdot p(f)\\;\\leq\\;\\hat{p}(f)\\;\\leq\\;(1+\\epsilon/4)p(f)$  (25) \n since $\\hat{p}(f)=\\frac{t}{m}=\\frac{p(f)\\cdot\\tilde{m}}{m}$ . By the definition of the algorithm, $\\hat{I}=\\frac{n}{w}\\cdot\\frac{t}{M}=\\frac{n}{w}\\cdot\\hat{p}(f)$ so by Lemma 3.2 (recall that by the premise of the theorem, $\\epsilon=\\omega(\\sqrt{\\log n/n})$ ) we have \n \n $(1-\\epsilon)I[f]\\;\\leq\\;(1-\\epsilon/2)(1-\\epsilon/4)I[f]\\;\\leq\\;\\hat{I}\\;\\leq\\;(1+\\epsilon/4)(1+\\epsilon/2)I[f]\\;\\leq\\;(1+\\epsilon)I[f]$  (26) \n and thus (assuming $\\tilde{m}_{1}\\leq m\\leq\\tilde{m}_{2}$ ), the output of the algorithm provides the estimation we are looking for."
                    },
                    {
                        "id": "S3.p17",
                        "content": "It remains to prove that $\\tilde{m}_{1}\\leq m\\leq\\tilde{m}_{2}$ with probability at least $1-\\delta$ . Let $X_{i}$ denote the indicator random variable whose value is $1$ if and only if the $i^{\\rm th}$ iteration of the algorithm was successful, and let $X=\\sum_{i=1}^{\\tilde{m}_{1}}X_{i}$ . By the definition of $X_{i}$ , we have that ${\\rm E}[X_{i}]=p(f)$ , and so (by the definition of $\\tilde{m}_{1}$ and $\\tilde{m}$ ) we have that ${\\rm E}[X]=\\tilde{m}_{1}\\cdot p(f)=\\frac{t}{1+\\epsilon/4}$ Hence, by applying the multiplicative Chernoff bound, \n \n ${\\rm Pr}[m<\\tilde{m}_{1}]={\\rm Pr}[X>t]={\\rm Pr}[X>(1+\\epsilon/4){\\rm E}[X]]\\leq\\exp\\left(-\\frac{1}{3}\\left(\\frac{\\epsilon}{4}\\right)^{2}\\frac{t}{1+\\epsilon/4}\\right)\\leq\\exp\\left(-\\frac{\\epsilon^{2}t}{96}\\right)$  (27) \n Thus, for $t=\\frac{96\\ln{(\\frac{2}{\\delta})}}{\\epsilon^{2}}$ we have that ${\\rm Pr}[m<\\tilde{m}_{1}]\\leq\\frac{\\delta}{2}$ . By an analogous argument we get that ${\\rm Pr}[m>\\tilde{m}_{2}]\\leq\\frac{\\delta}{2}$ , and so $\\tilde{m}_{1}\\leq m\\leq\\tilde{m}_{2}$ with probability at least $1-\\delta$ , as desired."
                    },
                    {
                        "id": "S3.p18",
                        "content": "Since we have shown that $m\\leq\\tilde{m}_{2}$ with probability at least $1-\\delta$ , and the query complexity of the algorithm is $O(m)$ , we have that, with probability at least $1-\\delta$ , the query complexity is upper bounded by \n \n $O(\\tilde{m}_{2})\\;=\\;O\\left(\\frac{t}{p(f)}\\right)\\;=\\;O\\left(\\frac{t\\cdot n}{w\\cdot I[f]}\\right)\\;=\\;O\\left(\\frac{\\log(1/\\delta)}{\\epsilon^{3}}\\cdot\\frac{\\sqrt{n}\\log(n/\\epsilon)}{I[f]}\\right)\\;,$  (28) \n as required."
                    }
                ]
            },
            {
                "id": "S3.SS0.SSS0.Px1",
                "tag": null,
                "title": "Remark.",
                "paragraphs": [
                    {
                        "id": "S3.SS0.SSS0.Px1.p1",
                        "content": "We assumed that $I[f]\\geq 1$ only for the sake of technical simplicity. This assumption can be replaced with $I[f]\\geq\\frac{1}{n^{c}}$ for any constant $c\\geq 0$ , and the only modifications needed in the algorithm and its analysis are the following. The level of the cutoff $s^{*}$ should be set to $s^{*}=\\sqrt{n/2}\\cdot\\sqrt{\\log(\\frac{2n}{\\tilde{\\epsilon}n^{-c}})}=\\frac{1}{2}\\sqrt{n}\\sqrt{2c\\log(2n)+\\log(1/\\tilde{\\epsilon})}$ (which is a constant factor larger than the current setting), and the length $w$ of the walks in the algorithm should be set to $w=\\frac{\\tilde{\\epsilon}\\sqrt{n}}{16\\sqrt{2\\log(\\frac{2n}{\\tilde{\\epsilon}n^{-c}})}}$ (which is a constant factor smaller than the current setting)."
                    },
                    {
                        "id": "S3.SS0.SSS0.Px1.p2",
                        "content": "The first modification follows from the fact that the number of points $y$ whose Hamming weight $h(y)$ is at least $n/2+r\\cdot\\sqrt{n/2}$ or at most $n/2-r\\cdot\\sqrt{n/2}$ is upper bounded by $2^{n}\\cdot 2e^{-r^{2}}$ . This implies that the number of edges $(y,x)$ (where $h(y)=h(x)+1$ ) such that $h(y)\\geq n/2+r\\cdot\\sqrt{n/2}$ or $h(y)\\leq n/2-r\\cdot\\sqrt{n/2}$ is upper bounded by $n\\cdot 2^{n}\\cdot 2^{-r^{2}}$ . Requiring that the latter is no more than $\\tilde{\\epsilon}\\cdot I[f]2^{n-1}\\geq\\tilde{\\epsilon}\\cdot n^{-c}2^{n-1}$ (i.e, $\\tilde{\\epsilon}$ -fraction of the total number of influential edges), yields the desired $r$ , where $s^{*}=r\\sqrt{n/2}$ . The second modification, i.e, in the length of the walk, is governed by the choice of $s^{*}$ , since, by the analysis, their product should be bounded by $O(\\tilde{\\epsilon}n)$ . Since in both expressions $1/I[f]=n^{c}$ appears only inside a $\\log$ term, this translates only to constant factor increase."
                    },
                    {
                        "id": "S3.SS0.SSS0.Px1.p3",
                        "content": "We note that the lower bound we give in Section 4 applies only to functions with (at least) constant influence, and so in the above case where $I[f]=1/{\\rm poly}(n)$ , the tightness of the algorithm (in terms of query complexity) is not guaranteed."
                    }
                ]
            },
            {
                "id": "S4",
                "tag": "4",
                "title": "A Lower Bound",
                "paragraphs": [
                    {
                        "id": "S4.p1",
                        "content": "In this section we prove a lower bound of $\\Omega\\left(\\frac{\\sqrt{n}}{I[f]\\cdot\\log n}\\right)$ on the query complexity of approximating the influence of monotone functions. Following it we explain how a related construction gives a lower bound of $\\Omega\\left(\\frac{n}{I[f]}\\right)$ on approximating the influence of general functions. The idea for the first lower bound is the following. We show that any algorithm that performs $o\\left(\\frac{\\sqrt{n}}{I[f]\\cdot\\log n}\\right)$ queries cannot distinguish with constant success probability between that following: (1) A certain threshold function (over a relatively small number of variables), and (2) A function selected uniformly at random from a certain family of functions that have significantly higher influence than the threshold function. The functions in this family can be viewed as “hiding their influence behind the threshold function”. More precise details follow."
                    },
                    {
                        "id": "S4.p2",
                        "content": "We first introduce one more notation. For any integer $1\\leq k\\leq n$ and $0\\leq t\\leq k$ , let $\\tau^{t}_{k}:\\{0,1\\}^{n}\\to\\{0,1\\}$ be the $t$ -threshold function over $x_{1},\\ldots,x_{k}$ . That is, $\\tau^{t}_{k}(x)=1$ if and only if $\\sum_{i=1}^{k}x_{i}\\geq t$ . Observe that (since for every $1\\leq i\\leq k$ we have that $I_{i}[\\tau^{t}_{k}]=2^{-k}\\cdot 2\\cdot{k-1\\choose t-1}$ while for $i>k$ we have that $I_{i}[\\tau^{t}_{k}]=0$ ), $I[\\tau^{t}_{k}]=k\\cdot 2^{-(k-1)}\\cdot{k-1\\choose t-1}$ ."
                    },
                    {
                        "id": "S4.p3",
                        "content": "The above observation implies that for every sufficiently large $k$ ( $k\\geq 2\\log n$ suffices), there exists a setting of $t<k/2$ , which we denote by $t(k,1)$ , such that $I[\\tau^{t(k,1)}_{k}]=1-o(1)$ (where the $o(1)$ is with respect to $k$ ). This setting satisfies ${k-1\\choose t(k,1)-1}=\\Theta(2^{k}/k)$ (so that $t(k,1)=k/2-\\Theta(\\sqrt{k\\log k}$ ))."
                    },
                    {
                        "id": "S4.Thmthm1.p1",
                        "content": "For every $I^{*}$ such that $2\\leq I^{*}\\leq\\sqrt{n}/\\log n$ , there exists a family of monotone functions $F_{I*}$ such that $I[f]\\geq I^{*}$ for every $f\\in F_{I^{*}}$ , but any algorithm that distinguishes with probability at least $2/3$ between a uniformly selected function in $F_{I^{*}}$ and $\\tau^{t(k,1)}_{k}$ for $k=2\\log n$ , must perform $\\Omega\\left(\\frac{\\sqrt{n}}{I^{*}\\cdot\\log n}\\right)$ queries."
                    },
                    {
                        "id": "S4.p4",
                        "content": "In particular, considering $I^{*}=c$ for any constant $c\\geq 2$ , we get that every algorithm for approximating the influence to within a multiplicative factor of $\\sqrt{c}$ must perform $\\tilde{\\Omega}(\\sqrt{n})$ queries. If we increase the lower bound on the influence, then the lower bound on the complexity of the algorithm decreases, but the approximation factor (for which the lower bound holds), increases. We note that the functions for which the lower bound construction hold are not balanced, but we can easily make them very close to balanced without any substantial change in the argument (by “ORing” $\\tau^{t(k,1)}_{k}$ as well as every function in $F_{I^{*}}$ with $x_{1}$ ). We also note that for $I^{*}=\\Omega(\\sqrt{\\log n})$ we can slightly improve the lower bound on approximating the influence to $\\Omega\\left(\\frac{\\sqrt{n}}{I^{*}\\cdot\\sqrt{\\log(\\sqrt{n}/I^{*})}}\\right)$ (for a slightly smaller approximation factor). We address this issue following the proof."
                    },
                    {
                        "id": "S4.p5",
                        "content": "Proof: For $k=2\\log n$ and for any $0\\leq t\\leq k$ , let $L^{t}_{k}\\stackrel{{\\scriptstyle\\rm def}}{{=}}\\{x\\in\\{0,1\\}^{k}\\;:\\;\\sum_{i=1}^{k}x_{i}=t\\}$ . We shall also use the shorthand $\\tilde{t}$ for $t(k,1)$ . Fixing a choice of $I^{*}$ , each function in $F_{I^{*}}$ is defined by a subset $R$ of $L^{\\tilde{t}}_{k}$ where $|R|=\\beta(I^{*})\\cdot 2^{k}$ for $\\beta(I^{*})$ that is set subsequently. We denote the corresponding function by $f_{R}$ and define it as follows: For every $x\\in\\{0,1\\}^{n}$ , if $x_{1}\\ldots x_{k}\\notin R$ , then $f_{R}(x)=\\tau^{\\tilde{t}}_{k}(x)$ , and if $x_{1}\\ldots x_{k}\\in R$ , then $f_{R}(x)={\\rm maj}^{\\prime}_{n-k}(x)$ , where ${\\rm maj}^{\\prime}_{n-k}(x)=1$ if and only if $\\sum_{i=k+1}^{n}x_{i}>(n-k)/2$ . By this definition, for every $f_{R}\\in F_{I^{*}}$ \n \n $I[f_{R}]\\geq\\beta(I^{*})\\cdot I[{\\rm maj}^{\\prime}_{n-k}]\\;.$  (29) \n If we take $\\beta(I^{*})$ to be $\\beta(I^{*})=I^{*}/I[{\\rm maj}^{\\prime}_{n-k}]=cI^{*}/\\sqrt{n-k}$ (for $c$ that is roughly $\\sqrt{\\pi/2}$ ), then in $F_{I^{*}}$ every function has influence at least $I^{*}$ . Since $\\beta(I^{*})$ is upper bounded by $|L^{\\tilde{t}}_{k}|/2^{k}$ , which is of the order of $k/2^{k}=2\\log n/2^{k}$ , this construction is applicable to $I^{*}=O(\\sqrt{n}/\\log n)$ ."
                    },
                    {
                        "id": "S4.p6",
                        "content": "Consider an algorithm that needs to distinguish between $\\tau^{\\tilde{t}}_{k}$ and a uniformly selected $f_{R}\\in F_{I^{*}}$ . Clearly, as long as the algorithm doesn’t perform a query on $x$ such that $x_{1}\\ldots x_{k}\\in R$ , the value returned by $f_{R}$ is the same as that of $\\tau^{\\tilde{t}}_{k}$ . But since $R$ is selected uniformly in $L^{\\tilde{t}}_{k}$ , as long as the algorithm performs less than $\\frac{|L^{\\tilde{t}}_{k}|}{c^{\\prime}\\cdot\\beta(I^{*})\\cdot 2^{k}}$ queries (where $c^{\\prime}$ is some sufficiently large constant), with high constant probability (over the choice of $R$ ), it won’t “hit” a point in $R$ . Since $\\frac{|L^{\\tilde{t}}_{k}|}{c^{\\prime}\\cdot\\beta(I^{*})\\cdot 2^{k}}=\\Theta\\left(\\frac{\\sqrt{n}}{\\log n\\cdot I^{*}}\\right)$ , the theorem follows."
                    },
                    {
                        "id": "S4.p7",
                        "content": "In order to get the aforementioned slightly higher lower bound for $I^{*}=\\Omega(\\sqrt{\\log n})$ , we modify the settings in the proof of Theorem 4.1 in the following manner. We set $k=\\log(\\sqrt{n}/I^{*})$ and $t=k/2$ (so that the “low influence” function is simply a majority function over $k$ variables, $\\tau_{k}^{k/2}$ ). For the “high influence” function, we let $R$ consist of a single point $\\tilde{x}$ in $L_{k}^{k/2}$ , where for each $R=\\{\\tilde{x}\\}$ we have a different function in $F_{I^{*}}$ (as defined in the proof of Theorem 4.1 ). It follows that for each such $R$ , $I[f_{R}]=(1-o(1))\\sqrt{k}+\\frac{1}{2^{k}}\\sqrt{n-k}\\geq I^{*}$ , while $I[\\tau_{k}^{k/2}]\\approx\\sqrt{k}=O(\\sqrt{\\log{n}})$ . By the same argument as in the proof of Theorem 4.1 , if the algorithm preforms less than $\\frac{c^{\\prime}|L_{k}^{k/2}|}{|R|}=\\frac{2^{k}}{{c^{\\prime}\\sqrt{k}}}=\\frac{\\sqrt{n}}{c^{\\prime}I^{*}\\sqrt{\\log({\\frac{\\sqrt{n}}{I^{*}}})}}$ queries (for small enough $c^{\\prime}$ ), with high probability it won’t “hit” $\\tilde{x}$ , and thus will not be able to distinguish between a randomly selected function $f\\in f_{R}$ (where the randomness is over the choice of $\\tilde{x}\\in L_{k}^{k/2}$ ) and $\\tau_{k}^{k/2}$ ."
                    }
                ]
            },
            {
                "id": "S4.SS0.SSS0.Px1",
                "tag": null,
                "title": "A lower bound of $\\Omega(n/I[f])$ for general functions.",
                "paragraphs": [
                    {
                        "id": "S4.SS0.SSS0.Px1.p1",
                        "content": "We note that for general (not necessarily monotone) functions, there is a lower bound of $\\Omega(n/I[f])$ on estimating the influence, which implies that it is not possible in general to improve on the simple edge-sampling approach (in terms of the dependence on $n$ and $I[f]$ ). Similarly to what we showed in the case of monotone functions, we show that for every $I^{*}\\geq 2$ , it is hard to distinguish between the dictatorship function $f(x)=x_{1}$ (for which $I[f]=1$ ) and a uniformly selected function in a family $F_{I^{*}}$ of functions, where every function in $F_{I*}$ has influence at least $I^{*}$ ."
                    },
                    {
                        "id": "S4.SS0.SSS0.Px1.p2",
                        "content": "Similarly to the construction in the proof of Theorem 4.1 , we consider the first $k$ variables, where here $k=\\log n$ . Fixing $I^{*}$ (where $I^{*}=o(n)$ or else the lower bound is trivial), each function in $F_{I^{*}}$ is defined by a subset $R$ of $\\{0,1\\}^{k}$ such that $|R|=I^{*}$ . We denote the corresponding function by $f_{R}$ and define it as follows: For every $x\\in\\{0,1\\}^{n}$ , if $x_{1}\\ldots x_{k}\\notin R$ then $f_{R}(x)=x_{1}$ , and if $x_{1}\\ldots x_{k}\\in R$ , we let $f_{R}(x)=\\bigoplus_{i=k+1}^{n}x_{i}$ . By this definition (since $2^{k}=n$ ), for every $f_{R}\\in F_{I^{*}}$ $I[f_{R}]\\geq(1-2I^{*}/n)+(I^{*}/n)\\cdot(n-k)\\geq I^{*}$ . The argument for establishing that it is hard to distinguish between $f(x)=x_{i}$ and a uniformly selected function in $F_{I^{*}}$ is essentially the same as in the proof of Theorem 4.1 ."
                    }
                ]
            }
        ],
        "references": [
            {
                "tag": "[1]",
                "ref": "K. Arrow. A difficulty in the theory of social welfare. Journal of political economics, 58:328–346, 1950."
            },
            {
                "tag": "[2]",
                "ref": "M. Ben-Or and N. Linial. Collective coin flipping, robust voting schemes and minima of\nBanzhaf values. InProceedings of the Twenty-Sixth Annual Symposium on\nFoundations of Computer Science (FOCS), pages 408–416, 1985."
            },
            {
                "tag": "[3]",
                "ref": "I. Benjamini, G. Kalai, and O. Schramm. Noise sensitivity of boolean functions and applications to\npercolation. Inst. Hautes Etudes Sci. Publ. Math., 90:5–43, 1999."
            },
            {
                "tag": "[4]",
                "ref": "E. Blais. Improved bounds for testing juntas. InProceedings of the Twelfth International Workshop on\nRandomization and Computation (RANDOM), pages 317–330, 2008."
            },
            {
                "tag": "[5]",
                "ref": "E. Blais. Testing juntas nearly optimally. InProceedings of the Fourty-First Annual ACM Symposium on the\nTheory of Computing (STOC), pages 151–158, 2009."
            },
            {
                "tag": "[6]",
                "ref": "R. Boppana. The average sensitivity of bounded depth circuits. Information Processing Letters, 63:257–261, 1997."
            },
            {
                "tag": "[7]",
                "ref": "J. Bourgain, J. Kahn, G. Kalai, Y. Katznelson, and N. Linial. The influence of variables in product spaces. Israel Journal of Math, 77:55–64, 1992."
            },
            {
                "tag": "[8]",
                "ref": "J. Bourgain and G. Kalai. Influences of variables and threshold intervals under group\nsymmetries. Geometric Functional Analaysis, 7:438–461, 1997."
            },
            {
                "tag": "[9]",
                "ref": "N. Bshouty and C. Tamon. On the Fourier spectrum of monotone functions. Journal of the ACM, 43(4):747–770, 1996."
            },
            {
                "tag": "[10]",
                "ref": "I. Diakonikolas, P. Harsha, A. Klivans, R. Meka, P. Raghavendra, R. Servedio,\nand L.-Y. Tan. Bounding the average sensitivity and noise sensitivity of polynomial\nthreshold functions. InProceedings of the Fourty-Second Annual ACM Symposium on the\nTheory of Computing (STOC), 2010. To appear."
            },
            {
                "tag": "[11]",
                "ref": "I. Dinur, E. Friedgut, G. Kindler, and R. O’Donnell. On the fourier tails of bounded functions over the discrete cube. To appear inIsrael Journal of Math, 2010."
            },
            {
                "tag": "[12]",
                "ref": "I. Dinur and S. Safra. The importance of being biased. InProceedings of the Thirty-Fourth Annual ACM Symposium on the\nTheory of Computing (STOC), pages 33–42, 2002."
            },
            {
                "tag": "[13]",
                "ref": "E. Fischer, G. Kindler, D. Ron, S. Safra, and S. Samorodnitsky. Testing juntas. Journal of Computer and System Sciences, 68(4):753–787, 2004."
            },
            {
                "tag": "[14]",
                "ref": "E. Friedgut. Boolean functions with low average sensitivity depend on few\ncoordinates. Combinatorica, 18(1):27–36, 1998."
            },
            {
                "tag": "[15]",
                "ref": "E. Friedgut. Influences in product spaces: KKL, BKKKL revisited. Combinatorics, Probability and Computing, 13:17–29, 2004."
            },
            {
                "tag": "[16]",
                "ref": "E. Friedgut and G. Kalai. Every monotone graph property has a sharp threshold. InProc. Amer. Math. Soc. 124, pages 2993–3002, 1996."
            },
            {
                "tag": "[17]",
                "ref": "G.Kalai and S.Safra. Threshold phenomena and influence. Computational Complexity and Statistical Physics, A.G. Percus,\nG. Istrate and C. Moore, eds. (Oxford University Press, New York, 2006),\npages 25–60, 2006."
            },
            {
                "tag": "[18]",
                "ref": "T. Hancock and Y. Mansour. Learning monotonek𝑘k-μ𝜇\\muDNF formulas on product distributions. InProceedings of the Fourth Annual Workshop on Computational\nLearning Theorey (COLT), pages 179–183, 1991."
            },
            {
                "tag": "[19]",
                "ref": "G. Kalai. A Fourier-theoretic perspective for the Condorcet Paradox and\nArrow’s Theorem. Avances in Applied Mathematics, 29:412–426, 2002."
            },
            {
                "tag": "[20]",
                "ref": "G. Kalai. Social indeterminacy. Econometrica, 72:1565–1581, 2004."
            },
            {
                "tag": "[21]",
                "ref": "G. Kalai, J. Kahn, and N. Linial. The influence of variables on Boolean functions. InProceedings of the Twenty-Ninth Annual Symposium on\nFoundations of Computer Science (FOCS), pages 68–80, 1988."
            },
            {
                "tag": "[22]",
                "ref": "S. Khot. On the power of unique 2-prover 1-round games. InProceedings of the Thirty-Fourth Annual ACM Symposium on the\nTheory of Computing (STOC), pages 767–775, 2002."
            },
            {
                "tag": "[23]",
                "ref": "M. Krivelevich, B. Sudakov, and V. H. Vu. A sharp threshold for network reliability. Combinatorics, Probability and Computing, 11:465–474, 2002."
            },
            {
                "tag": "[24]",
                "ref": "E. Lehrer. An axiomatization of the Banzhaf value. International Journal of Game Theory, 17:89–99, 1988."
            },
            {
                "tag": "[25]",
                "ref": "N. Linial, Y. Mansour, and N. Nisan. Constant depth circuits, Fourier transform, and learnability. Journal of the ACM, 40(3):607–620, 1993."
            },
            {
                "tag": "[26]",
                "ref": "K. Matulef, R. O’Donnell, R. Rubinfed, and R. A. Servedio. Testing{−1,+1}11\\{-1,+1\\}halfspaces. InProceedings of the Thirteenth International Workshop on\nRandomization and Computation (RANDOM), pages 646–657, 2009."
            },
            {
                "tag": "[27]",
                "ref": "K. Matulef, R. Servedio, and K. Wimmer. Personal communication. 2009."
            },
            {
                "tag": "[28]",
                "ref": "R. O’Donnell, M. Saks, O. Schramm, and R. Servedio. Every decision tree has an influential variable. InProceedings of the Forty-Sixth Annual Symposium on\nFoundations of Computer Science (FOCS), pages 31–39, 2005."
            },
            {
                "tag": "[29]",
                "ref": "R. O’Donnell and R. Servedio. Learning monotone decision trees in polynomial time. SIAM Journal on Computing, 37(3):827–844, 2007."
            },
            {
                "tag": "[30]",
                "ref": "R. O’Donnell and R. Servedio. The Chow parameters problem. InProceedings of the Fourtieth Annual ACM Symposium on the\nTheory of Computing (STOC), pages 517–526, 2008."
            },
            {
                "tag": "[31]",
                "ref": "D. Ron and G. Tsur. Testing membership in width-2 OBDDs. InProceedings of the Thirteenth International Workshop on\nRandomization and Computation (RANDOM), pages 686–699, 2009."
            },
            {
                "tag": "[32]",
                "ref": "L. Russo. On the critical percolation probabilities. Z. Wahrsch. Verw. Geb., 56:229–237, 1981."
            },
            {
                "tag": "[33]",
                "ref": "M. Talagrand. On Russo’s approximate0−1010-1law. Annals of Probability, 22:1576–1587, 1994."
            },
            {
                "tag": "[34]",
                "ref": "M. Talagrand. How much are increasing sets correlated. Combinatorica, 16:243–258, 1996."
            },
            {
                "tag": "[35]",
                "ref": "M. Talagrand. On boundaries and influences. Combinatorica, 17:275–285, 1997."
            }
        ]
    },
    "candidate": {
        "doc_id": "1801.02816",
        "arxiv_id": "1801.02816",
        "meta": {
            "date": "2018.01",
            "archive": "Computer Science",
            "categories": [
                "cs.DS",
                "cs.CC",
                "cs.DM"
            ],
            "authors": [
                [
                    "Chakrabarty",
                    "Deeparnab",
                    ""
                ],
                [
                    "Seshadhri",
                    "C.",
                    ""
                ]
            ],
            "license": "http://arxiv.org/licenses/nonexclusive-distrib/1.0/",
            "journal-ref": null,
            "doi": null
        },
        "title": "Adaptive Boolean Monotonicity Testing in Total Influence Time",
        "abstract": [
            {
                "id": "id6.6",
                "content": "The problem of testing monotonicity of a Boolean function $f:\\{0,1\\}^{n}\\to\\{0,1\\}$ has received much attention recently. Denoting the proximity parameter by $\\varepsilon$ , the best tester is the non-adaptive $\\widetilde{O}(\\sqrt{n}/\\varepsilon^{2})$ tester of Khot-Minzer-Safra (FOCS 2015). Let $\\mathbf{I}(f)$ denote the total influence of $f$ . We give an adaptive tester whose running time is $\\mathbf{I}(f)\\mathrm{poly}(\\varepsilon^{-1}\\log n)$ ."
            }
        ],
        "sections": [
            {
                "id": "S1",
                "tag": "1",
                "title": "Introduction",
                "paragraphs": [
                    {
                        "id": "S1.p1",
                        "content": "Consider the boolean hypercube $\\{0,1\\}^{n}$ , endowed with the coordinate-wise partial order denoted by $\\prec$ . A function $f:\\{0,1\\}^{n}\\to\\{0,1\\}$ is monotone if $\\forall x\\prec y,f(x)\\leq f(y)$ . Let $d(f,g)$ , the distance between two functions $f,g$ , be $|\\{x:f(x)\\neq g(x)\\}|/2^{n}$ . The distance to monotonicity, $\\varepsilon_{f}$ , is the minimum distance of $f$ to a monotone $g$ . The problem of monotonicity testing is as follows. Given query access to $f$ and a proximity parameter $\\varepsilon>0$ , design a (randomized) procedure that accepts if $f$ is monotone ( $\\varepsilon_{f}=0$ ), and rejects if $f$ is $\\varepsilon$ -far from monotone ( $\\varepsilon_{f}>\\varepsilon$ ). Both the above guarantees hold with probability at least $2/3$ . Such a procedure is called a monotonicity tester. A tester is non-adaptive if the queries made are independent of the values of $f$ , and adaptive otherwise. A tester is one-sided if it accepts monotone functions with probability $1$ , and two-sided otherwise."
                    },
                    {
                        "id": "S1.p2",
                        "content": "The problem of monotonicity testing over the hypercube has been the subject of much study [Ras99] . The first result was the $O(n/\\varepsilon)$ tester by Goldreich et al. and Dodis et al. [GGL+00] (refer to Raskhodnikova’s thesis [Ras99] ). The authors unearthed a connection to directed isoperimetric theorems to give a $o(n)$ tester [CS14] , whose analysis was further improved by Chen et al. [CST14] . In a remarkable result, Khot-Minzer-Safra (henceforth KMS) designed an $\\widetilde{O}(\\sqrt{n}/\\varepsilon^{2})$ -query non-adaptive, one-sided tester [KMS15] . The key ingredient is a directed analog of Talagrand’s isoperimetry theorem [Tal93] ."
                    },
                    {
                        "id": "S1.p3",
                        "content": "The significance of the $\\sqrt{n}$ bound of KMS to $f$ is underscored by a nearly matching lower bound by Fischer et al. for non-adaptive, one-sided testers [FLN+02] . A nearly matching two-sided, non-adaptive lower bound of $\\Omega(n^{1/2-\\delta})$ for any $\\delta>0$ was showed by Chen et al. [CST14] using highly non-trivial techniques of generalized Central Limit Theorems."
                    },
                    {
                        "id": "S1.p4",
                        "content": "In a major advance, Belovs and Blais [BB16] proved the first polynomial adaptive (two-sided) lower bound of $\\widetilde{\\Omega}(n^{1/4})$ . This was further improved by Chen et al. [CWX17] to $\\widetilde{\\Omega}(n^{1/3})$ . Both of these are highly non-trivial results, showing that challenges in arguing about adaptive monotonicity testers. Interestingly, Belovs and Blais [BB16] show $O(\\log n)+2^{O\\left(1/\\varepsilon^{3}\\right)}$ time adaptive monotonicity testers for Regular Linear Threshold Functions, which form the hard distribution of the nearly $\\Omega(\\sqrt{n})$ lower bound of Chen et al. [CST14] ."
                    },
                    {
                        "id": "S1.p5",
                        "content": "This leads to the main open problem in monotonicity testing of Boolean functions: Does adaptivity always help?"
                    }
                ]
            },
            {
                "id": "S1.SS1",
                "tag": "1.1",
                "title": "Results",
                "paragraphs": [
                    {
                        "id": "S1.SS1.p1",
                        "content": "Given our (current) inability to resolve that question, we ask a refined, simpler question. Is there some natural condition of functions under which the $\\sqrt{n}$ non-adaptive complexity of KMS can be beaten?"
                    },
                    {
                        "id": "S1.SS1.p2",
                        "content": "Let $\\mathbf{I}(f)$ denote the total influence (also called the average sensitivity) of $f$ . Letting $\\mathcal{D}$ be the uniform distribution over all pairs $(x,y)$ at Hamming distance $1$ , $\\mathbf{I}(f):=n\\cdot\\Pr_{(x,y)\\sim\\mathcal{D}}[f(x)\\neq f(y)]$ . Our main theorem follows."
                    },
                    {
                        "id": "S1.Thmtheorem1.p1",
                        "content": "Consider the class of functions with total influence at most $I$ . There exists a one-sided, adaptive monotonicity tester for this class with running time $O(I\\cdot\\mathrm{poly}(\\log n)/\\varepsilon^{4})$ ."
                    },
                    {
                        "id": "S1.SS1.p3",
                        "content": "Thus, for low influence functions, the KMS $\\sqrt{n}$ bound can be (adaptively) beaten. The non-adaptive lower bound of Fischer et al. [FLN+02] only requires constant influence functions, so Theorem1.1 shows that adaptivity provably helps for such functions. For $\\mathbf{I}(f)\\gg\\sqrt{n}$ , a claim of KMS (explained later) implies the existence of non-adaptive $O(n/\\mathbf{I}(f)))$ testers. The tradeoff between Theorem1.1 and this bound is basically $\\sqrt{n}$ , the maximum possible influence of a monotone function. We note that all adaptive lower bound constructions have functions with influence $\\Theta(\\sqrt{n})$ [BB16] ."
                    }
                ]
            },
            {
                "id": "S2",
                "tag": "2",
                "title": "Preliminaries",
                "paragraphs": [
                    {
                        "id": "S2.p1",
                        "content": "We use $H_{n}$ to denote the standard (undirected) hypercube graph on $\\{0,1\\}^{n}$ , where all pairs at Hamming distance $1$ are connected. An edge $(x,y)$ of $H_{n}$ is influential, if $f(x)\\neq f(y)$ . The number of influential edges is precisely $\\mathbf{I}(f)\\cdot 2^{n-1}$ . An influential edge $(x,y)$ is a violating edge if $x\\prec y$ , $f(x)=1$ , and $f(y)=0$ . Our tester will perform random walks of $H_{n}$ . Note that $H_{n}$ is regular, so this is a symmetric Markov Chain."
                    },
                    {
                        "id": "S2.p2",
                        "content": "We crucially use the central result of KMS, in essence a directed analogue of Talagrand’s isoperimetric theorem."
                    },
                    {
                        "id": "S2.Thmtheorem1.p1",
                        "content": "(Lemma 7.1 in [KMS15] , paraphrased) Given any Boolean function $f:\\{0,1\\}^{n}\\to\\{0,1\\}$ which is $\\varepsilon$ -far from being monotone, there exists a subgraph $G=(A,B,E)$ of the hypercube and parameters $\\sigma\\in(0,1)$ , $d\\in\\mathbb{Z}_{>0}$ such that • Each edge $(a,b)\\in E$ with $a\\in A$ and $b\\in B$ is a violating edge. • $|B|=\\sigma\\cdot 2^{n}$ . • The degree of each vertex in $B$ is exactly $d$ and the degree of each vertex in $A$ is at most $2d$ . • $\\sigma^{2}d=\\Theta(\\varepsilon^{2}/\\log^{4}n)$ ."
                    },
                    {
                        "id": "S2.p3",
                        "content": "We also mention a simpler lemma from KMS which we use."
                    },
                    {
                        "id": "S2.Thmtheorem2.p1",
                        "content": "(Theorem 9.1 in [KMS15] , paraphrased)  If $\\mathbf{I}(f)>6\\sqrt{n}$ , then a constant fraction of influential edges are violating edges."
                    },
                    {
                        "id": "S2.p4",
                        "content": "When $\\mathbf{I}(f)>6\\sqrt{n}$ , one can find a violation in time $O(n/\\mathbf{I}(f))=O(\\mathbf{I}(f))$ by simply sampling random edges. Thus, we will focus on the case $\\mathbf{I}(f)\\leq 6\\sqrt{n}$ ."
                    }
                ]
            },
            {
                "id": "S2.SS0.SSS0.Px1",
                "tag": null,
                "title": "Idea.",
                "paragraphs": [
                    {
                        "id": "S2.SS0.SSS0.Px1.p1",
                        "content": "Our analysis is short and follows the analysis of the KMS tester. The tester of KMS can be throught of as performing random walks on the directed hypercube with orientation corresponding to the partial order. Their analysis lower bounds the probability of encountering a violation. Our insight is that one can perform an analogous analysis for walks on the undirected hypercube $H_{n}$ . Suppose we perform an $\\ell$ -step random walk (on $H_{n})$ from $x$ that ends at $y$ . If $f(x)\\neq f(y)$ , then the walk clearly passed through an influential edge. The power of adaptivity is that we can find such an influential edge through binary search. This idea of using binary search is also present in the algorithm of Belovs and Blais [BB16] to adaptively test regular linear threshold functions. We bound the probability that this influential edge is a violation. Our insight is that, by setting the length $\\ell$ appropriately, this probability can be lower bounded by (essentially) $1/\\mathbf{I}(f)$ ."
                    }
                ]
            },
            {
                "id": "S3",
                "tag": "3",
                "title": "Tester",
                "paragraphs": [
                    {
                        "id": "S3.p1",
                        "content": "Let $f:\\{0,1\\}^{n}\\to\\{0,1\\}$ be a Boolean function over the hypercube with total influence $\\mathbf{I}(f)$ ."
                    },
                    {
                        "id": "S3.F1.1.p1",
                        "content": "Input: A Boolean function $f:\\{0,1\\}^{n}\\to\\{0,1\\}$ and a parameter $\\varepsilon\\in(0,1)$ 1. Choose $k\\in_{R}\\{0,1,2,\\ldots,\\lceil\\log n\\rceil\\}$ uniformly at random. Set $\\ell:=2^{k}$ . 2. Choose $x\\in\\{0,1\\}^{n}$ uniformly at random. 3. Perform an $\\ell$ -length random walk $p$ on $H_{n}$ starting from $x$ to reach $y\\in\\{0,1\\}^{n}$ . 4. If $f(x)\\neq f(y)$ : (a) Perform binary search on $p$ to find an influential edge $(u,v)\\in p$ . (b) REJECT if $(u,v)$ is a monotonicity violation. 5. If not REJECTED so far, then ACCEPT."
                    },
                    {
                        "id": "S3.p2",
                        "content": "Theorem1.1 follows directly from the following."
                    },
                    {
                        "id": "S3.Thmtheorem1.p1",
                        "content": "Assume $\\mathbf{I}(f)\\leq 6\\sqrt{n}$ . If $f$ is $\\varepsilon$ -far from being monotone, then Algorithm 1 rejects with probability $\\Omega\\left(\\frac{\\varepsilon^{4}}{\\mathbf{I}(f)\\log^{9}n}\\right)$ ."
                    },
                    {
                        "id": "S3.Thmtheorem2.p1",
                        "content": "Given a positive integer $\\ell$ , we call a vertex $x\\in\\{0,1\\}^{n}$ $\\ell$ -sticky if an $\\ell$ -length random walk from $x$ on $H_{n}$ contains no influential edges with probability $\\geq 1/2$ . A vertex is called non- $\\ell$ -sticky otherwise. An edge is $\\ell$ -sticky if both endpoints are $\\ell$ -sticky."
                    },
                    {
                        "id": "S3.p3",
                        "content": "The following simple monotonicity property follows from the definition."
                    },
                    {
                        "id": "S3.Thmtheorem3.p1",
                        "content": "If $x$ is $\\ell$ -sticky and $\\ell^{\\prime}<\\ell$ , then $x$ is $\\ell^{\\prime}$ -sticky as well."
                    },
                    {
                        "id": "S3.Thmtheorem4.p1",
                        "content": "The fraction of non- $\\ell$ -sticky vertices of a hypercube is at most $\\frac{2\\ell\\cdot\\mathbf{I}(f)}{n}$ ."
                    },
                    {
                        "id": "S3.1.p1",
                        "content": "Given $x\\in\\{0,1\\}^{n}$ and a positive integer $\\ell>0$ , define the random variable $Z_{x,\\ell}$ that is the number of influential edges in a random walk of length $\\ell$ starting from $x$ . Therefore, $x$ is $\\ell$ -non-sticky iff $\\Pr[Z_{x,\\ell}>0]>1/2$ . Let $N$ denote the set of $\\ell$ -non-sticky vertices."
                    },
                    {
                        "id": "S3.2.p2",
                        "content": "Since $Z_{x,\\ell}$ is non-negative and integer valued we get $\\Pr[Z_{x,\\ell}>0]\\leq\\hbox{\\bf E}[Z_{x,\\ell}]$ . \n \n $|N|/2^{n}<\\frac{2}{2^{n}}\\sum_{x\\in N}\\Pr[Z_{x,\\ell}>0]<\\frac{2}{2^{n}}\\sum_{x\\in\\{0,1\\}^{n}}\\Pr[Z_{x,\\ell}>0]~{}~{}\\leq~{}~{}\\frac{2}{2^{n}}\\sum_{x\\in\\{0,1\\}^{n}}\\hbox{\\bf E}[Z_{x,\\ell}]$  (1) \n The RHS above is precisely twice the expected number of influential edges encountered in an $\\ell$ -length random walk starting from the uniform distribution on $H_{n}$ . Let $\\mathcal{P}_{\\ell}$ denote the uniform distribution on $\\ell$ -length paths in $H_{n}$ . For $p\\sim\\mathcal{P}_{\\ell}$ , $p_{t}$ denotes the $t$ th edge in $p$ , and let $\\chi(e)$ be the indicator for edge $e$ being influential. The RHS of ( 1 ) is equal to $2\\hbox{\\bf E}_{p\\sim\\mathcal{P}_{\\ell}}[\\sum_{t\\leq\\ell}\\chi(p_{t})]=2\\sum_{t\\leq\\ell}\\hbox{\\bf E}_{p\\sim\\mathcal{P}_{\\ell}}[\\chi(p_{t})]$ . Since the uniform distribution is stationary for random walks on $H_{n}$ , the distribution induced on $p_{t}$ is the uniform distribution on edges in $H_{n}$ . Thus, $\\hbox{\\bf E}_{p\\sim\\mathcal{P}_{\\ell}}[\\chi(p_{t})]=\\mathbf{I}(f)/n$ and the RHS of ( 1 ) is $2\\ell\\cdot\\mathbf{I}(f)/n$ . ∎"
                    },
                    {
                        "id": "S3.p4",
                        "content": "For any integer $\\ell>0$ , let $F_{\\ell}$ be the set of $\\ell$ -sticky violating edges. That is, \n \n $F_{\\ell}:=\\{(x,y)\\in H_{n}:(x,y)\\textrm{ is violating and},~{}x,y~{}\\textrm{ are $\\ell$-sticky}\\}$ \n"
                    },
                    {
                        "id": "S3.Thmtheorem5.p1",
                        "content": "If $\\ell$ is the length of the random walk chosen in Step 1, then Algorithm 1 rejects with probability $\\Omega\\left(\\frac{\\ell}{n}\\cdot\\frac{|F_{\\ell}|}{2^{n}}\\right)$ ."
                    },
                    {
                        "id": "S3.3.p1",
                        "content": "Fix an edge $(u,v)\\in F_{\\ell}$ . Let $p=(e_{1},\\ldots,e_{\\ell})$ be the edges of a random walk $p$ . Each edge $e_{t}$ for $1\\leq t\\leq\\ell$ is a uniform random edge of $H_{n}$ . Therefore, for any fixed edge $(u,v)$ , $\\Pr[e_{t}=(u,v)]=\\frac{2}{n2^{n}}$ ."
                    },
                    {
                        "id": "S3.4.p2",
                        "content": "Now, given $1\\leq t\\leq\\ell$ , define ${\\cal E}^{t}_{u,v}$ to be the event that the $t$ th edge of $p$ is $(u,v)$ and no other edge of $p$ is influential. Since $(u,v)$ is itself influential, ${\\cal E}_{u,v}$ is the disjoint union $\\vee_{t=1}^{\\ell}{\\cal E}_{u,v}^{t}$ . Furthermore, for two distinct edges $(u,v)$ and $(u^{\\prime},v^{\\prime})$ in $F_{\\ell}$ , the events ${\\cal E}_{u,v}$ and ${\\cal E}_{u^{\\prime},v^{\\prime}}$ are disjoint."
                    },
                    {
                        "id": "S3.5.p3",
                        "content": "Observe that \n \n $\\Pr[\\textrm{Algorithm~{}\\ref{fig:alg} rejects given $\\ell$}]\\geq\\Pr[\\bigvee_{(u,v)\\in F_{\\ell}}{\\cal E}_{u,v}]=\\sum_{(u,v)\\in F_{\\ell}}\\Pr[{\\cal E}_{u,v}]$  (2) \n The equality follows since the events are mutually exclusive. The inequality follows since if ${\\cal E}_{u,v}$ occurs then the end points of $p$ must have differing values and binary search on $p$ will return the violation $(u,v)$ ."
                    },
                    {
                        "id": "S3.6.p4",
                        "content": "Consider the event ${\\cal E}_{u,v}^{t}$ . For this event to occur, $e_{t}$ must be $(u,v)$ . Consider the conditional probability $\\Pr[{\\cal E}_{u,v}^{t}~{}|~{}e_{t}=(u,v)]$ . Let ${\\cal F}_{u}$ be the event that a $(t-1)$ -length random walk from $u$ contains no influential edges, and let ${\\cal F}_{v}$ be the event that an independent $(\\ell-t)$ -length random walk from $v$ contains no influential edges."
                    },
                    {
                        "id": "S3.Thmtheorem6.p1",
                        "content": "$\\Pr[{\\cal E}_{u,v}^{t}~{}|~{}e_{t}=(u,v)]=\\Pr[{\\cal F}_{u}\\wedge{\\cal F}_{v}]=\\Pr[{\\cal F}_{u}]\\cdot\\Pr[{\\cal F}_{v}]$"
                    },
                    {
                        "id": "S3.7.1.p1",
                        "content": "Conditioned on $e_{t}=(u,v)$ , the distribution of the first $(t-1)$ steps of the random walk is the uniform distribution of $(t-1)$ -length paths that end at $u$ . This is the same distribution of the $(t-1)$ -length random walk starting from $u$ . The distribution of the last $(\\ell-t)$ steps, conditioned on $e_{t}=(u,v)$ , is the $(\\ell-t)$ -length random walk starting from $v$ . ∎"
                    },
                    {
                        "id": "S3.8.p5",
                        "content": "Since $(u,v)$ is an $\\ell$ -sticky edge, by Obs3.3 and Definition3.2 , $\\Pr[{\\cal F}_{u}]\\geq 1/2$ and $\\Pr[{\\cal F}_{v}]\\geq 1/2$ . The proof is completed by plugging the following bound into ( 2 ). \n \n $\\displaystyle\\Pr[{\\cal E}_{u,v}]=\\sum_{t=1}^{\\ell}\\Pr[{\\cal E}_{u,v}^{t}]=\\sum_{t=1}^{\\ell}\\Pr[e_{t}=(u,v)]\\cdot\\Pr[{\\cal E}_{u,v}^{t}~{}|~{}e_{t}=(u,v)]$ $\\displaystyle=\\frac{2}{n2^{n}}\\sum_{t=1}^{\\ell}\\Pr[{\\cal E}_{u,v}^{t}~{}|~{}e_{t}=(u,v)]$ \n \n $\\displaystyle\\geq\\frac{\\ell}{4n2^{n}}$ \n ∎"
                    },
                    {
                        "id": "S3.p5",
                        "content": "We complete the proof of Theorem3.1 ."
                    },
                    {
                        "id": "S3.9.p1",
                        "content": "Let $G=(A,B,E),\\sigma,d$ be as in Lemma2.1 ."
                    },
                    {
                        "id": "S3.10.p2",
                        "content": "First, we take care of a corner case. Suppose $\\sigma<100/\\sqrt{n}$ . Since $\\sigma^{2}d=\\Omega(\\varepsilon^{2}/\\log^{4}n)$ , we get $\\sigma d=\\Omega(\\varepsilon^{2}\\sqrt{n}/\\log^{4}n)$ . Since the number of violating edges is $\\geq|E|=\\sigma d2^{n}$ and since each violating edge is influential, we get that $\\mathbf{I}(f)\\geq|E|/2^{n}=\\Omega(\\varepsilon^{2}\\sqrt{n}/\\log^{4}n)$ . With probability $1/\\log n$ , Algorithm 1 sets $\\ell=1$ , in which case the tester basically checks whether a uniform random edge in $H_{n}$ is a violation. Conditioned on setting $\\ell=1$ , the rejection probability is $\\Omega(2|E|/n2^{n})=\\Omega(\\varepsilon^{2}/\\sqrt{n}\\log^{4}n)=\\Omega(\\varepsilon_{f}^{4}/\\mathbf{I}(f)\\log^{8}n)$ . Thus, in the case $\\sigma<100/\\sqrt{n}$ , we have proved Theorem3.1 ."
                    },
                    {
                        "id": "S3.11.p3",
                        "content": "Henceforth, assume that $\\sigma\\geq 100/\\sqrt{n}$ . Since $\\mathbf{I}(f)\\leq 6\\sqrt{n}$ , we deduce that $\\frac{n\\sigma}{16\\cdot\\mathbf{I}(f)}>1$ . Thus, there exists a non-negative power of $2$ (call it $\\ell^{*}$ ) such that $\\frac{\\sigma}{16}<\\frac{\\ell^{*}\\cdot\\mathbf{I}(f)}{n}\\leq\\frac{\\sigma}{8}$ ."
                    },
                    {
                        "id": "S3.12.p4",
                        "content": "Let $A^{\\prime}$ and $B^{\\prime}$ be the subset of $A$ and $B$ that are $\\ell^{*}$ -sticky. Let $E^{\\prime}\\subseteq E$ be the edges with end points in $A^{\\prime}$ and $B^{\\prime}$ . Note that any edge of $E^{\\prime}\\subseteq F_{\\ell^{*}}$ . By Lemma 3.4 , we get that the fraction of $\\ell^{*}$ -non-sticky nodes is at most $2\\ell^{*}\\cdot\\mathbf{I}(f)/n\\leq\\sigma/4$ . Since the degree of any node in $G$ in Lemma 2.1 is $\\leq 2d$ , we get \n \n $|F_{\\ell^{*}}|\\geq|E^{\\prime}|\\geq|E|-(2d)\\cdot\\frac{\\sigma\\cdot 2^{n}}{4}=\\frac{\\sigma d2^{n}}{2}.$ \n"
                    },
                    {
                        "id": "S3.13.p5",
                        "content": "The probability the algorithm chooses $\\ell=\\ell^{*}$ is $1/{\\log n}$ . Lemma 3.5 gives us \n \n $\\displaystyle\\Pr[\\textrm{Algorithm rejects}]$ $\\displaystyle\\geq\\frac{1}{\\log n}\\cdot\\Pr[\\textrm{Algorithm rejects}|\\ell=\\ell^{*}]$ \n \n $\\displaystyle\\geq\\frac{1}{\\log n}\\cdot\\left(\\frac{\\ell^{*}}{n}\\cdot\\frac{|F_{\\ell^{*}}|}{2^{n}}\\right)~{}~{}~{}~{}~{}~{}~{}(\\textrm{by Lemma~{}\\ref{lem:simple2}})$ \n \n $\\displaystyle\\geq\\frac{1}{\\log n}\\cdot\\frac{\\ell^{*}}{n}\\cdot\\frac{\\sigma d}{2}$ \n \n $\\displaystyle\\geq\\frac{1}{\\mathbf{I}(f)}\\cdot\\left(\\frac{\\sigma^{2}d}{32\\log n}\\right)~{}~{}~{}~{}~{}~{}~{}(\\textrm{plugging $\\ell^{*}\\geq\\sigma n/(16\\cdot\\mathbf{I}(f))$})$ \n \n $\\displaystyle\\geq\\frac{1}{\\mathbf{I}(f)}\\cdot\\frac{\\varepsilon^{2}}{\\log^{5}n}~{}~{}~{}~{}~{}~{}~{}(\\textrm{by Lemma~{}\\ref{lem:kms}})$ \n ∎"
                    }
                ]
            }
        ],
        "references": [
            {
                "tag": "[BB16]",
                "ref": "Aleksandrs Belovs and Eric Blais. A polynomial lower bound for testing monotonicity. InProceedings of the Symposium on Theory of Computing (STOC),\npages 1021–1032, 2016."
            },
            {
                "tag": "[CDST15]",
                "ref": "Xi Chen, Anindya De, Rocco A. Servedio, and Li-Yang Tan. Boolean function monotonicity testing requires (almost)O​(n1/2)𝑂superscript𝑛12{O}(n^{1/2})non-adaptive queries. InProceedings of the Symposium on Theory of Computing (STOC),\npages 519–528, 2015."
            },
            {
                "tag": "[CS14]",
                "ref": "Deeparnab Chakrabarty and C. Seshadhri. An o(n) monotonicity tester for boolean functions over the hypercube. SIAM Journal on Computing, 2014."
            },
            {
                "tag": "[CST14]",
                "ref": "Xi Chen, Rocco A. Servedio, and Li-Yang. Tan. New algorithms and lower bounds for monotonicity testing. InProceedings of Foundations of Computer Science (FOCS), pages\n286–295, 2014."
            },
            {
                "tag": "[CWX17]",
                "ref": "Xi Chen, Erik Waingarten, and Jinyu Xie. Beyond talagrand: New lower bounds for testing monotonicity and\nunateness. InACM Symposium on Theory of Computation (STOC), 2017."
            },
            {
                "tag": "[DGL+99]",
                "ref": "Yevgeny Dodis, Oded Goldreich, Eric Lehman, Sofya Raskhodnikova, Dana Ron, and\nAlex Samorodnitsky. Improved testing algorithms for monotonicity. Proceedings of the 3rd International Workshop on Randomization\nand Approximation Techniques in Computer Science (RANDOM), pages 97–108,\n1999."
            },
            {
                "tag": "[FLN+02]",
                "ref": "Eldar Fischer, Eric Lehman, Ilan Newman, Sofya Raskhodnikova, and Ronitt\nRubinfeld. Monotonicity testing over general poset domains. Proceedings of the 34th Annual ACM Symposium on the Theory of\nComputing (STOC), pages 474–483, 2002."
            },
            {
                "tag": "[GGL+00]",
                "ref": "Oded Goldreich, Shafi Goldwasser, Eric Lehman, Dana Ron, and Alex Samordinsky. Testing monotonicity. Combinatorica, 20:301–337, 2000."
            },
            {
                "tag": "[KMS15]",
                "ref": "Subhash Khot, Dor Minzer, and Muli Safra. On monotonicity testing and boolean isoperimetric type theorems. InIEEE Annual Symposium on Foundations of Computer Science,\nFOCS, 2015."
            },
            {
                "tag": "[Ras99]",
                "ref": "Sofya Raskhodnikova. Monotonicity testing. Masters Thesis, MIT, 1999."
            },
            {
                "tag": "[Tal93]",
                "ref": "Michel Talagrand. Isoperimetry, logarithmic sobolev inequalities on the discrete cube,\nand margulis’ graph connectivity theorem. Geom. Func. Anal., 3(3):295–314, 1993."
            }
        ]
    }
}