{
    "id": "000005:1106.3365--1706.00193",
    "plagiarism": {
        "similarity": "0.9831",
        "type": "plagiarism",
        "llm": "Mistral",
        "severity": "high",
        "also_altered": 1,
        "prompt_tokens": 6899,
        "output_tokens": 6673,
        "process": "done"
    },
    "source": {
        "doc_id": "1106.3365",
        "arxiv_id": "1106.3365",
        "meta": {
            "date": "2011.06",
            "archive": "Physics",
            "categories": [
                "cond-mat.mes-hall",
                "quant-ph"
            ],
            "authors": [
                [
                    "Bertaina",
                    "S.",
                    ""
                ],
                [
                    "Groll",
                    "N.",
                    ""
                ],
                [
                    "Chen",
                    "L.",
                    ""
                ],
                [
                    "Chiorescu",
                    "I.",
                    ""
                ]
            ],
            "license": "http://arxiv.org/licenses/nonexclusive-distrib/1.0/",
            "journal-ref": "Phys. Rev. B, vol 84, 134433 (2011)",
            "doi": "10.1103/PhysRevB.84.134433"
        },
        "title": "Tunable multi-photon Rabi oscillations in an electronic spin system",
        "abstract": [
            {
                "id": "id2.2",
                "content": "We report on multi-photon Rabi oscillations and controlled tuning of a multi-level system at room temperature ( $S=5/2$ for Mn \\textsuperscript{2+} :MgO) in and out of a quasi-harmonic level configuration. The anisotropy is much smaller than the Zeeman splittings, such as the six level scheme shows only a small deviation from an equidistant diagram. This allows us to tune the spin dynamics by either compensating the cubic anisotropy with a precise static field orientation, or by microwave field intensity. Using the rotating frame approximation, the experiments are very well explained by both an analytical model and a generalized numerical model. The calculated multi-photon Rabi frequencies are in excellent agreement with the experimental data."
            }
        ],
        "sections": [
            {
                "id": "S1",
                "tag": "I",
                "title": "introduction",
                "paragraphs": [
                    {
                        "id": "S1.p1",
                        "content": "Harmonic systems are basic manifestation of quantum mechanics and appear in various forms, down to the nanoscale, as electro-magnetic or mechanical oscillators. In the case of a finite number of excited states, multi-level systems are proposed to perform quantum algorithms in size-limited Leuenberger and Loss (2001) or scalable Graceet al.(2006) schemes by using microwave (MW) pulses to generate entangled states. The coherent manipulation of spins in a multilevel system is fundamental to the implementation of the Grover algorithm Grover (1997) . At the same time, the quasi-harmonic nature of the system can lead to interesting effects, where the two- or multi-level nature of a system can be interchanged and tuned Bertainaet al.(2009a) ."
                    },
                    {
                        "id": "S1.p2",
                        "content": "Spin systems benefit from relatively large coherence and relaxation times, which makes them suitable as quantum bit implementations or as a new type of quantum random access memory Blencowe (2010) . In some studies, spin qubits operation is demonstrated at temperatures up to ambient Akimovet al.(2007) . Recent studies demonstrated that in diluted systems, spin-spin dipolar interactions are sufficiently low to allow coherent, quantum manipulations. Such situations are well exemplified by systems like the nitrogen-vacancy color centers in diamonds Hansonet al.(2008) , N atoms in C \\textsubscript{60} Morleyet al.(2007) , Er \\textsuperscript{3+} Bertainaet al.(2007) and Cr \\textsuperscript{5+} Nellutlaet al.(2007) ions and molecular magnets Bertainaet al.(2008) ."
                    },
                    {
                        "id": "S1.p3",
                        "content": "In a previous work Bertainaet al.(2009a) , we demonstrated multi-photon spin coherent manipulation in a multi-level system (Mn \\textsuperscript{2+} ) diluted in MgO, a highly symmetric nonmagnetic matrix. In this work, we report on the possibility of using a multi-level system to tune the nature of quantum Rabi oscillations, using a combination of two parameters: microwave power and/or magnetic field orientation. To this end, one needs a magnetic system with a well defined anisotropy, but sufficiently small in size to be overcome by microwave amplitudes achievable in typical experimental conditions."
                    },
                    {
                        "id": "S1.p4",
                        "content": "The S=5/2 Mn \\textsuperscript{2+} spin is our system of choice. As detailed in the next section, the crystalline anisotropy for this high cubic symmetry is orders of magnitude smaller than the magnetic (Zeeman) energy and therefore the multi-level system is quasi-harmonic. This is essential for successful multi-photon spin manipulation and for state tunability by magnetic field orientation. At the same time, the anisotropy remains smaller than or comparable to the microwave drive, an aspect that is essential for tunability by drive."
                    },
                    {
                        "id": "S1.p5",
                        "content": "In this S=5/2 system, we demonstrate multi-photon Rabi oscillations and controlled tuning of the system in and out of a quasi-harmonic level configuration. Using the rotating frame approximation, the experiments are very well explained by both an analytical model and a generalized numerical model. The calculated multi-photon Rabi frequencies and amplitudes are in excellent agreement with the experimental data."
                    },
                    {
                        "id": "S1.p6",
                        "content": "The article is structured as follows: in Sec. II we describe the spin Hamiltonian and its parameters; in Sec. III the experimental procedure and setup is detailed; in Sec. IV an analytical and numerical model is given, describing the tunability of the multi-photon dynamics and in Sec. V we describe the experimental findings."
                    }
                ]
            },
            {
                "id": "S2",
                "tag": "II",
                "title": "Quasi-harmonic spin Hamiltonian",
                "paragraphs": [
                    {
                        "id": "S2.p1",
                        "content": "The spins $S$ =5/2 of the Mn \\textsuperscript{2+} ions are diluted in a MgO non-magnetic matrix of cubic symmetry $F_{m\\bar{3}m}$ (lattice constant 4.216 Å). The Mn \\textsuperscript{2+} ions are located in substitutional positions of Mg \\textsuperscript{2+} ions. The high degree of symmetry ensures that the spins are seeing an almost isotropic crystalline environment and thus the fourth order magnetic anisotropy can be made much smaller than the Zeeman splittings. Interactions between Mn \\textsuperscript{2+} ions and symmetry deformations are neglected. The spin Hamiltonian at resonance is given by Low (1957) :"
                    },
                    {
                        "id": "S2.p2",
                        "content": "\n \n $\\displaystyle H$ $\\displaystyle=$ $\\displaystyle a/6\\left[{S_{x}^{4}+S_{y}^{4}+S_{z}^{4}-S(S+1)(3S^{2}-1)/5}\\right]$ \n $\\displaystyle+\\gamma\\vec{H}_{0}\\cdot\\vec{S}-A\\vec{S}\\cdot\\vec{I}+\\gamma\\vec{h}_{mw}\\cdot\\vec{S}\\cos(2\\pi ft)$ \n where $\\gamma=g\\mu_{B}/h$ is the gyromagnetic ratio ( $g=2.0014$ the $g$ -factor, $\\mu_{B}-$ Bohr’s magneton and $h-$ Planck’s constant), $S_{x,y,z}$ are the spin projection operators, $\\vec{S}$ is the total spin, $a=$ 55.7 MHz is the anisotropy constant, $A=244$ MHz is the hyperfine constant of \\textsuperscript{55} Mn ( $I=5/2$ ), $h_{mw}$ and $f$ represent the MW amplitude and frequency respectively, and $\\vec{H}_{0}$ is the static field ( $\\vec{H}_{0}\\perp\\vec{h}_{mw}$ ). In our experiments, the static field ensures a Zeeman splitting of $\\gamma H_{0}\\approx f\\sim$ 9 Ghz, much stronger than all other interactions of Eq.( II ). This implies that (i) $\\vec{H}_{0}$ ’s direction can be approximated as the quantization axis and (ii) coherent MW driving is confined between levels of same nuclear spin projection $m_{I}$ (see also refs. Bertainaet al.(2009a) )."
                    },
                    {
                        "id": "S2.p3",
                        "content": "The six-level system is consequently quasi-harmonic, as shown by the level diagram in Fig. 1 . The dashed and dotted lines show virtual levels of equidistant separation $g\\mu_{B}H_{0}=hf$ , which strongly enhance the multi-photon transition probabilities. Since $a\\ll hf$ , the distance between the real and virtual levels in Fig. 1 is exaggerated for clarity. The number of arrows for each monochromatic transition suggest the type of multi-photon coherent excitation (one, three or five-photon). A coherent Rabi superposition of the $m=-5/2\\dots 5/2$ states (as counted on the left side of the figure) can thus be obtained, strongly dependent on the microwave drive power and nutation time."
                    }
                ]
            },
            {
                "id": "S3",
                "tag": "III",
                "title": "Experimental procedure",
                "paragraphs": [
                    {
                        "id": "S3.p1",
                        "content": "Rabi oscillations measurements have been performed in a Bruker Elexsys 680 pulse EPR spectrometer working at about $f=9.6$ GHz ( $X$ -band). The sample is a 3x3x1 mm \\textsuperscript{3} single crystal of MgO doped by a small amount of Mn \\textsuperscript{2+} (about few ppm). The orientation between the sample and the static field is controlled by a goniometer (precision 1 \\textsuperscript{∘} ) with the rotation axis parallel to the microwave magnetic field direction $\\vec{h}_{mw}$ . In the measurements presented here, $\\vec{h}_{mw}||[-110]$ (see Fig. 2 insert). All measurements have been made at room temperature. Calibration of the microwave field $h_{mw}$ have been made using the BDPA standard: a small amount of BDPA containing isotropic S=1/2 spins give a Rabi frequency of exactly $F_{R}=\\mu_{B}h_{mw}/h$ ."
                    },
                    {
                        "id": "S3.p2",
                        "content": "By design, the detection is sensitive to frequency $f$ and therefore it can probe only transitions between consecutive spin projections, $m\\leftrightarrow m+1$ . As the transition $|-1/2\\rangle\\leftrightarrow|1/2\\rangle$ is of highest probability, as ensured by Fermi’s golden rule, and is not sensitive to crystal strain effects we choose to use the levels $m=\\pm 1/2$ as a probe of the six-level dynamics."
                    },
                    {
                        "id": "S3.p3",
                        "content": "By definition, the magnetization is given by $\\langle S_{i}\\rangle\\equiv\\mathrm{Tr}(\\rho S_{i})$ where $\\rho$ is the density matrix and the $S_{i}$ is the S=5/2 spin operator $i=x,y,z$ . Since we probe only the transition $|-1/2\\rangle\\leftrightarrow|1/2\\rangle$ we define the magnetization of the subset $\\langle S_{i}\\rangle_{1/2}\\equiv\\mathrm{Tr}(\\rho_{1/2}S_{i})$ where $\\rho_{1/2}$ is the central block matrix of $\\rho$ corresponding to levels $\\pm 1/2$ ."
                    },
                    {
                        "id": "S3.p4",
                        "content": "The drive and detection of the multi-photon Rabi oscillations are implemented with the pulse sequence presented in Fig. 2 . A drive pulse P \\textsubscript{R} of duration $\\tau_{R}$ and resonant to the $|-1/2\\rangle\\leftrightarrow|+1/2\\rangle$ transition, is applied at $t=0$ . At the end of this pulse, the density of states has been coherently changed."
                    },
                    {
                        "id": "S3.p5",
                        "content": "Right after the $P_{R}$ pulse, spin dephasing and line inhomogeneity induce a free induction decay (FID) signal Bloch (1946) . The first point of this FID (at t= $\\tau_{R}$ ) gives the transverse magnetization traced on the $|\\pm 1/2\\rangle$ subset: $\\langle S_{x}\\rangle_{1/2}=\\rho_{-1/2,1/2}+\\rho_{1/2,-1/2}$ . Unfortunately, the dead time $\\tau_{dt}$ of the spectrometer ( $\\sim 80$ ns) prevents the measurement of this first point. If the entire inhomogenous line of width $\\Delta H_{0}$ is excited by a sufficiently short P \\textsubscript{R} pulse (non selective pulse, here $\\tau_{R}^{-1}>\\gamma\\Delta H_{0}/2\\pi=0.27$ MHz), the FID is simply the Fourier transform of the absorption line and is an exponential decay in MgO:Mn \\textsuperscript{2+} . Therefore, we integrate the detected FID and the result is proportional to its first point. Note that for a broad line (not our case), as often seen in solid state paramagnetic systems, the FID oscillates and the first point cannot be found so easily Schenzleet al.(1980) ."
                    },
                    {
                        "id": "S3.p6",
                        "content": "The pulse sequence in Fig. 2 (a) detects the coherent evolution of the transverse magnetization $\\langle S_{x}\\rangle_{1/2}$ , as a function of pulse length $\\tau_{R}$ . To probe the coherent evolution of the longitudinal magnetization $\\langle S_{z}\\rangle_{1/2}=\\rho_{1/2,1/2}-\\rho_{-1/2,-1/2}$ (also traced on the $|\\pm 1/2\\rangle$ subset), we use the sequence shown in Fig. 2 (b). After the Rabi pulse P \\textsubscript{R} , one waits a time $\\tau_{P}-\\tau_{R}$ , smaller than system’s relaxation time $T_{1}$ but larger than the decoherence time $T_{2}$ . Thus, at $t=\\tau_{P}$ , only the longitudinal magnetization is non-zero Stoll (1998) ."
                    },
                    {
                        "id": "S3.p7",
                        "content": "A $\\pi/2$ pulse follows, rotating the $|\\pm 1/2\\rangle$ population in a coherent mixture, which is located in the $xy$ plane (or the “equatorial plane”). The detection observes the free induction decay (FID) towards zero of this mixture, giving essential information such as: the initial total magnetization in the $xy$ plane, its FID decoherence time ( $T_{2}^{*}$ ) and potential shift away from the resonance static field."
                    },
                    {
                        "id": "S3.p8",
                        "content": "As indicated with arrows in Fig. 1 , in a cubic symmetry the three and five photon transitions do use the $|\\pm 1/2\\rangle$ states as intermediate ones. Therefore, the $\\pi/2$ pulse can distinguish between the various multi-photon Rabi oscillations, due to their different frequencies as detailed in the theoretical section below."
                    }
                ]
            },
            {
                "id": "S4",
                "tag": "IV",
                "title": "Rabi rotations in a tunable multi-level system. Theoretical treatment.",
                "paragraphs": [
                    {
                        "id": "S4.p1",
                        "content": "The aim of this section is to present a model which describes the coherent multiphoton Rabi oscillation that occur in a quasi-harmonic large spin system under monochromatic radiation. To compute the multiphoton Rabi frequencies, we used the density matrix theory Brewer and Hahn (1975) applied to the Mn \\textsuperscript{2+} ion ( $S$ =5/2, $I$ =5/2) in the rotating frame approximation."
                    }
                ]
            },
            {
                "id": "S4.SS1",
                "tag": "IV.1",
                "title": "Analytical calculation",
                "paragraphs": [
                    {
                        "id": "S4.SS1.p1",
                        "content": "Let us consider a quantum system with six states $|S_{z}\\rangle$ , $S_{z}$ = $\\left\\{-5/2,-3/2,-1/2,1/2,3/2,5/2\\right\\}$ , irradiated by an electromagnetic field in resonance with the $-1/2$ and 1/2 levels. We assume initially $I=0$ , but we will describe the effect of the nuclear spin at the end of this section. The Hamiltonian of the system is : \n \n $\\mathcal{H}=\\hat{E}+\\hat{V}(t)=\\sum_{S_{z}=-5/2}^{5/2}E_{S_{z}}|S_{z}\\rangle\\langle S_{z}|+\\hat{V}(t),$  (2) \n with $E_{Sz}$ the static energy levels, $\\hat{V}(t)=\\frac{\\gamma}{2}h_{mw}(\\hat{S}_{+}+\\hat{S}_{-})\\cos\\left(2\\pi ft\\right)$ , $S_{+}/S_{-}$ the raising/lowering operators and $f=E_{1/2}-E_{-1/2}$ ."
                    },
                    {
                        "id": "S4.SS1.p2",
                        "content": "In a cubic symmetry and in first order in perturbation ( $a\\ll H_{0}$ ), the static energy levels are given by: \n \n $\\displaystyle E_{\\pm 5/2}$ $\\displaystyle=$ $\\displaystyle\\pm 5/2\\gamma H_{0}+1/2pa+\\mathcal{O}(a^{2})$ \n \n $\\displaystyle E_{\\pm 3/2}$ $\\displaystyle=$ $\\displaystyle\\pm 3/2\\gamma H_{0}-3/2pa+\\mathcal{O}(a^{2})$  (3) \n \n $\\displaystyle E_{\\pm 1/2}$ $\\displaystyle=$ $\\displaystyle\\pm 1/2\\gamma H_{0}+pa+\\mathcal{O}(a^{2})$ \n where Low (1957) $p=1-5(A^{2}B^{2}+B^{2}C^{2}+C^{2}A^{2})$ , with $A,B$ and $C$ representing the cosine directors of $\\vec{H}_{0}$ with the crystalline axes. For our geometry, $p$ is given by:"
                    },
                    {
                        "id": "S4.SS1.p3",
                        "content": "\n \n $p=1-5\\sin^{2}\\theta+\\frac{15}{4}\\sin^{4}\\theta,$  (4) \n with $\\theta$ the angle between $\\vec{H}_{0}$ and the $c$ axis $[001]$ . Since $H_{0}\\gg h_{mw}$ , the negative frequency part of $V(t)$ responsible of the Bloch-Siegert shift Bloch and Siegert (1940) can be neglected and we can use the rotating wave approximation (RWA) to make Eq. ( 2 ) to be time independent. Since in a conventional pulsed spectrometer we have access only to the first harmonic detection ( $hf$ ), we define the unitary transformation $U(t)=\\exp(-i2\\pi f\\hat{S}_{z}t)$ and apply it to Eq. ( 2 ). In the rotating frame, the Hamiltonian ( 2 ) becomes Hicke and Dykman (2007) : \n \n $\\mathcal{H}_{RWA}=U\\mathcal{H}U^{\\dagger}+i\\hbar\\frac{\\partial U}{\\partial t}U^{\\dagger}=$  (5) \n \n \n $=\\left(\\begin{matrix}\\frac{1}{2}pa&\\frac{\\sqrt{5}}{2}V&0&0&0&0\\\\\n\\frac{\\sqrt{5}}{2}V&-\\frac{3}{2}pa&\\sqrt{2}V&0&0&0\\\\\n0&\\sqrt{2}V&pa&\\frac{3}{2}V&0&0\\\\\n0&0&\\frac{3}{2}V&pa&\\sqrt{2}V&0\\\\\n0&0&0&\\sqrt{2}V&-\\frac{3}{2}pa&\\frac{\\sqrt{5}}{2}V\\\\\n0&0&0&0&\\frac{\\sqrt{5}}{2}V&\\frac{1}{2}pa\\\\\n\\end{matrix}\\right)$  (6) \n where $V=\\gamma h_{mw}/2$ . By diagonalization, the eigenenergies $E_{n}/pa$ of the dressed states $|\\Psi_{n}\\rangle$ are calculated as a function of $\\tilde{h}\\equiv V/pa$ , as illustrated in Fig. 3 (for $p>0$ )."
                    },
                    {
                        "id": "S4.SS1.p4",
                        "content": "For high anharmonicity or low microwave power $\\tilde{h}\\rightarrow 0$ , in which case $|\\Psi_{1}\\rangle=(|1/2\\rangle+|-1/2\\rangle)/\\sqrt{2}$ and $|\\Psi_{2}\\rangle=(|1/2\\rangle-|-1/2\\rangle)/\\sqrt{2}$ are the coherent superposition of states $|\\pm 1/2\\rangle$ . The other wavefunctions remain unchanged $|\\Psi_{3}\\rangle=|5/2\\rangle$ , $|\\Psi_{4}\\rangle=|-5/2\\rangle$ , $|\\Psi_{5}\\rangle=|3/2\\rangle$ and $|\\Psi_{6}\\rangle=|-3/2\\rangle$ ."
                    },
                    {
                        "id": "S4.SS1.p5",
                        "content": "The splitting between $|\\Psi_{1}\\rangle$ and $|\\Psi_{2}\\rangle$ is detected as an oscillation of frequency $F_{R}=E_{2}-E_{1}=3\\frac{\\gamma}{2}h_{mw}$ , in agreement with the general formula Schweiger and Jeschke (2001) :"
                    },
                    {
                        "id": "S4.SS1.p6",
                        "content": "\n \n $F_{R}^{(1)}=\\frac{\\gamma}{2}h_{mw}\\sqrt{S(S+1)-S_{z}(S_{z}+1)}$  (7) \n for one photon Rabi oscillations between consecutive states $S_{z}$ and $S_{z}+1$ ."
                    },
                    {
                        "id": "S4.SS1.p7",
                        "content": "When the microwave power $h_{mw}$ increases, the degeneracy of $|\\Psi_{n}\\rangle$ ( $n=$ 3,4,5,6) is lifted, allowing coherent three and five photon transitions ( $|-3/2\\rangle\\leftrightarrow|3/2\\rangle$ and $|-5/2\\rangle\\leftrightarrow|5/2\\rangle$ respectively). Note that two and four photon processes are out of resonance and therefore not discussed here. In first order perturbation in $\\tilde{h}$ , only the one photon process exists between states $|\\Psi_{1}\\rangle$ and $|\\Psi_{2}\\rangle$ . In third order perturbation, a three photon process mixes the states $|\\pm 3/2\\rangle$ , leading to a pure 3-photon Rabi oscillation with frequency $F_{R}^{(3)}=\\frac{24}{25}\\tilde{h}^{3}pa$ , as detailed in the Appendix. This three photon process perturbs the aforementioned one photon process which now has the Rabi frequency $F_{R}^{(1^{\\prime})}=F_{R}^{(1)}-\\frac{24}{25}\\tilde{h}^{3}pa$ ."
                    },
                    {
                        "id": "S4.SS1.p8",
                        "content": "In fifth order perturbation, the five photon process mixes the states $|\\pm 5/2\\rangle$ , leading to a Rabi frequency $F_{R}^{(5)}=\\frac{15}{2}\\tilde{h}^{5}pa$ (pure 5-photon process). Similarly, the five photon process will change the dynamics of the three and one photon Rabi oscillations (see Appendix A , Eqs. 13 - 15 )."
                    },
                    {
                        "id": "S4.SS1.p9",
                        "content": "For $\\tilde{h}\\rightarrow\\infty$ , the microwave field excites all transitions and the six levels are coherently driven by a 5-photon process. The dynamics of such a system becomes that of an isotropic spin S=1/2 . The diagonal of the Hamiltonian ( 6 ) becomes negligible and the diagonalization simply rotates the Hamiltonian along the $h_{mw}$ field."
                    },
                    {
                        "id": "S4.SS1.p10",
                        "content": "When the nuclear spin is included, the model becomes more complicated but analytical solutions can still be found. The full spin Hamiltonian of \\textsuperscript{55} Mn \\textsuperscript{2+} ( $S=5/2$ , $I=5/2$ ) is a 36 x 36 matrix. If we assume no forbidden nuclear transitions ( $\\Delta m_{I}=0$ , with $m_{I}$ quantifying the $I$ projections), the Hamiltonian ( II ) can be separated into six 6x6 matrices of form Eq. ( 2 )."
                    },
                    {
                        "id": "S4.SS1.p11",
                        "content": "The static energies $E_{S_{z}}$ now depend also on $m_{I}$ and $A$ and have been computed in first order perturbation in $A/H_{0}$ by Low Low (1957) . Having the new $E_{S_{z}}$ renormalized by the hyperfine field, we can use the same procedure as above to compute the eigenvalues of the dressed states and the Rabi splittings."
                    },
                    {
                        "id": "S4.SS1.p12",
                        "content": "Finally, note that all other transitions can be computed by the method presented here, by changing the value of $f$ in Eq. ( 2 ). For instance, for $f=(E_{-3/2}-E_{1/2})/2$ one can study the 2-photon Rabi oscillations in the transition $|-3/2\\rangle\\leftrightarrow|1/2\\rangle$ )."
                    }
                ]
            },
            {
                "id": "S4.SS2",
                "tag": "IV.2",
                "title": "Numerical calculation",
                "paragraphs": [
                    {
                        "id": "S4.SS2.p1",
                        "content": "The analytical model presented above describes the multiphoton frequencies of the Rabi oscillations very well but fails to describe their intensities (the time evolution of spin populations). In order to describe the experimental results we developed a model using Hamiltonian ( II ), which shows the actual crystal field parameters and includes the hyperfine coupling between the $S=5/2$ electronic spin and the $I=5/2$ nuclear spin of \\textsuperscript{55} Mn \\textsuperscript{2+} ."
                    },
                    {
                        "id": "S4.SS2.p2",
                        "content": "The anisotropy $a$ and hyperfine $A$ constants are two orders of magnitude smaller than the electron Zeeman interaction. Therefore, it is appropriate to assume that the orientation of the static field imposes the quantization axis $\\tilde{z}$ . In this base, Hamiltonian ( II ) rewrites as in ( 2 ), where $E_{S_{z}}$ are obtained by exact diagonalization and reflect the hyperfine coupling."
                    },
                    {
                        "id": "S4.SS2.p3",
                        "content": "Once we get the form ( 2 ) for $\\mathcal{H}$ , the transformation in the rotating frame become obvious. Experimentally, the spectrometer signal represents the transient magnetic resonant signal in the rotating frame, obtained by mixing the signal reflected by the cavity ( $S(t)\\cos(2\\pi ft)$ ) and the reference arm ( $\\cos(2\\pi ft)$ ). This leads to a frequency-independent signal $S(t)$ and a double frequency signal (which is filtered out). The unitary transformation is fixed by the mw-frequency $f$ , with $U(t)\\exp(-i2\\pi\\hat{S}_{z}ft)$ and using Eq. ( 5 ) one gets: \n \n $\\mathcal{H}_{RWA}=\\frac{\\gamma}{2}h_{mw}\\hat{S}_{x}+\\hat{E}-f\\hat{S}_{z}$  (8) \n For a fixed $m_{I}$ , the static field $H_{0}$ is chosen to satisfy the condition $E_{1/2}-E_{-1/2}+\\Delta=f$ where $\\Delta$ represents the detuning of the static field, away from resonance. As an example, the eigenvalues of Hamiltonian ( 8 ), for $H_{0}||[100]$ and nuclear projection $m_{I}=1/2$ , are shown in Fig. 4 , as a function of field detuning $\\Delta$ . In these simulations, the $h_{mw}=0.8$ mT, sufficiently strong to induce Rabi splitting with three and five photons, as shown in insets."
                    },
                    {
                        "id": "S4.SS2.p4",
                        "content": "The dynamics of Hamiltonian ( 8 ) is described by the time evolution of the 6x6 density matrix $\\rho(t)$ : \n \n $i\\frac{d\\rho}{dt}=[\\mathcal{H}_{RWA},\\rho].$  (9) \n In the rotating frame (Dirac or interaction picture), the solution is $\\rho(t)=U_{p}(t)\\rho_{0}U^{\\dagger}_{p}(t)$ with $\\rho_{0}$ the matrix density at thermal equilibrium : \n \n $\\rho_{0}=\\frac{\\exp(-\\hat{E}/kT)}{Tr(\\exp(-\\hat{E}/kT))}$  (10) \n and $U_{p}(t)$ is the propagator operator: $U_{p}(t)=\\exp(-i2\\pi\\mathcal{H}_{RWA}t)$ ."
                    },
                    {
                        "id": "S4.SS2.p5",
                        "content": "When the Rabi pulse $P_{R}$ is applied, the spin population is coherently manipulated. At the end of the sequence a weak $\\pi/2$ pulse will selectively probe the difference of population between states -1/2 and +1/2. The signal out of the spectrometer is $S(t)=\\sigma_{-1/2}(t)-\\sigma_{1/2}(t)$ . Note that for a spin $S=1/2$ , $S(t)=\\langle S_{z}\\rangle(t)$"
                    }
                ]
            },
            {
                "id": "S5",
                "tag": "V",
                "title": "Experimental results",
                "paragraphs": [
                    {
                        "id": "S5.p1",
                        "content": "A typical MW absorbtion spectrum of MgO:Mn \\textsuperscript{2+} as a function of $H_{0}$ , shows 6 sets (one for each $m_{I}$ projection) of 5 lines ( $S_{z}\\rightarrow S_{z}+1,S_{z}=-5/2\\dots 3/2$ ). In the experiments described below, the magnetic field is tuned to study resonances in the set corresponding to $m_{I}=1/2$ . All experimental and theoretical results are valid to any other nuclear spin projection."
                    }
                ]
            },
            {
                "id": "S5.SS1",
                "tag": "V.1",
                "title": "Tunable multiphoton Rabi oscillations by changing the orientation of the static field.",
                "paragraphs": [
                    {
                        "id": "S5.SS1.p1",
                        "content": "The static field orientation is described by the $p$ parameter (see Eq. 4 ) and therefore can tune the reduced microwave field $\\tilde{h}=V/(pa)$ . We measured Rabi oscillations and corresponding Fourier transforms at constant microwave field ( $h_{mw}$ =1.48 mT), for three different orientations (and $p$ values) of $H_{0}$ , as shown in Fig. 5 . One can see a highly anisotropic behavior of the coherent dynamics depending on the relative orientation between $H_{0}$ and crystal axes."
                    },
                    {
                        "id": "S5.SS1.p2",
                        "content": "For $H_{0}||[001]$ ( $p=1$ , maximum value), only one frequency is observed but its value (57 MHz) is smaller than the one expected for the 1-photon Rabi frequency in the transition $-1/2\\leftrightarrow 1/2$ in S=5/2 (62.5 MHz, see Eq. ( 7 ) and red dashed line in Fig. 5 ). Although the multi-photon Rabi oscillation is not clearly resolved, it indirectly slowing down the expected 1-photon dynamics, as described in Sec. IV.1 by the difference $F_{R}^{(1)}-F_{R}^{(1^{\\prime})}=F_{R}^{(3)}$ ."
                    },
                    {
                        "id": "S5.SS1.p3",
                        "content": "For $H_{0}||[110]$ ( $p=-1/4$ ), in addition to the high frequency 1-photon process, a low frequency 3-photon Rabi oscillation becomes observable, due to a lower $p$ value and thus a larger $\\tilde{h}$ . Finally, for $\\theta=\\theta_{CA}$ (the compensation angle of the cubic anisotropy: $p(\\theta_{CA})=0$ ) and hence $\\tilde{h}\\rightarrow\\infty$ , only one Rabi frequency is observed (Fig. 5 top). Its value is the same as the one expected for an isotropic spin 1/2 (dashed-dot line in fig 5 ). As explained in Sec. IV.1 and Appendix, a coherently driven 5-photon process (and only this process) is induced, leading to a S=1/2 spin dynamics."
                    },
                    {
                        "id": "S5.SS1.p4",
                        "content": "A detailed $\\theta$ dependence of detected Rabi frequencies, found by fast Fourier transformation (FFT) of coherent oscillations, is given in Fig. 6 , for the same value of $h_{mw}$ . The error bars are FFT linewidths and are due to Rabi decay processes. The contourplot is computed using the numerical model described in Sec. IV.2 , with no adjustable parameters: the crystal field and hyperfine constant are from Ref. Low (1957) and the MW field has been independently calibrated using a standard. The agreement between our model and the experimental data is quite good. However there are some discrepancies when $|pa|$ is small (but not zero) compared to $\\gamma h_{mw}/2$ . In this case, the 4 EPR satellite lines are close to the central line and can overlap due to small inhomogeneity caused by crystal field strain. Since the multi-photon Rabi frequency is highly dependent on $|pa|$ (specially when $|pa|$ is small), the distribution in $pa$ induces a high distribution of multi-photon Rabi frequencies, which in turn overdamps the Rabi oscillation signal."
                    }
                ]
            },
            {
                "id": "S5.SS2",
                "tag": "V.2",
                "title": "Tunable multiphoton Rabi oscillations by changing the MW field.",
                "paragraphs": [
                    {
                        "id": "S5.SS2.p1",
                        "content": "Aside the tuning method based on static field orientation, described in the previous section, an alternative method is based on MW drive intensity. To demonstrate the method, we apply a static field not far from the compensation angle $\\theta_{CA}$ described above, such that the spin system is slightly anisotropic. We chose an angle $\\theta=31\\pm 1^{\\circ}$ and record coherent Rabi oscillations as a function of MW field $h_{mw}$ . The FFT peaks (Rabi frequencies) are shown in Fig. 7 by points and the error bars represent the FFT linewidths. The dashed blue line is the MW field dependence of Rabi frequency, for a pure 1-photon transition between levels $|-1/2\\rangle\\leftrightarrow|1/2\\rangle$ of the $S=5/2$ system ( $F_{R}=3\\frac{\\gamma}{2}h_{mw}$ , see eq. 7 ). The dotted black line is the MW field dependence of Rabi frequency in the case of a pure isotropic spin ( $F_{R}=\\frac{\\gamma}{2}h_{mw}$ , see Eq. 17 )."
                    },
                    {
                        "id": "S5.SS2.p2",
                        "content": "Indeed, at low MW power, the system has the dynamics of an anisotropic S=5/2 system, as shown by the very good agreement between experimental points (up triangles) and the expected dependence for a 1-photon process (dashed line). At intermediate powers, the FFT clearly shows the existence of a three photon process (left triangles), as well as of a 5-photon process. The later is indicated by empty squares for shallow peaks in the FFT and by full squares, corresponding to well defined FFT peaks."
                    },
                    {
                        "id": "S5.SS2.p3",
                        "content": "A quantitative numerical description is quite difficult because of the extreme non linearity of $\\tilde{h}$ near $\\theta_{CA}$ . At the compensation angle ( $\\theta_{CA}=29.67^{\\circ}$ ) $\\tilde{h}\\rightarrow\\infty$ , but a small change in $\\theta$ induces significant changes in $\\tilde{h}$ (e.g. at $\\theta=30^{\\circ}$ , $\\tilde{h}=16.3h_{mw}$ , at $\\theta=31^{\\circ}$ , $\\tilde{h}=4.1h_{mw}$ and at $\\theta=32^{\\circ}$ , $\\tilde{h}=2.4h_{mw}$ ). As the accuracy of our goniometer is $1^{\\circ}$ , a numerical quantitative description around $\\theta_{CA}$ is not relevant. Qualitatively, one notes that for $h_{mw}>0.5$ mT, the one-photon Rabi frequency deviates from $F_{R}^{(1)}$ of Eq. 7 , due to the formation of multi-photon processes. For high microwave powers ( $h_{mw}>1$ mT), the one-photon FFT peak is barely visible (shown by empty up triangles) while the five photon process dominates entirely the dynamics. This is indicated by the good agreement between the 5-photon FFT peaks (filled squares) and the dotted line resulting from an isotropic $S=5/2$ model (or a spin 1/2), as explained by Eq. 17 ."
                    },
                    {
                        "id": "S5.SS2.p4",
                        "content": "Our experiment demonstrates that a sufficiently intense microwave field can tune the spin dynamics from that of an anisotropic (unequidistant) system, to that of an equidistant, quasi-harmonic 5-level system (equivalent to a two-level system)."
                    }
                ]
            },
            {
                "id": "S5.SS3",
                "tag": "V.3",
                "title": "Five-photon Rabi oscillations at the compensation angle.",
                "paragraphs": [
                    {
                        "id": "S5.SS3.p1",
                        "content": "When the static field is applied along a direction for which $\\theta=\\theta_{CA}$ (that is, $\\theta=29.67^{\\circ}$ ), the cubic anisotropy is geometrically compensated and therefore $p=0$ and $\\tilde{h}\\rightarrow\\infty$ . As explained in Sec. IV.1 and Appendix, one expects a perfectly isotropic $S=5/2$ spin system."
                    },
                    {
                        "id": "S5.SS3.p2",
                        "content": "We performed room temperature Rabi oscillations for this field orientation. The FFT of the coherent oscillations are single-peaked, as shown in Fig. 8 with filled squares (the FFT width is smaller than symbol’s size). The contour plot is calculated using the numerical procedure described in Sec. IV.2 , whereas the dashed line indicates the analytical result of Eq. 17 . One observes an excellent agreement between the analytical and numerical models and the experimental data points (no fit parameter has been used)."
                    },
                    {
                        "id": "S5.SS3.p3",
                        "content": "During a Rabi rotation for this isotropic case, the spin density gradually moves upward on the equidistant 6-level ladder and, when one reaches the highest level ( $S_{z}=5/2$ ), the dynamics is reversed. In contrast to a one-photon dynamics, here we have a collective five photon process, ensuring a continuous nutation within the $S_{z}=-5/2\\ldots 5/2$ space."
                    }
                ]
            },
            {
                "id": "S6",
                "tag": "VI",
                "title": "Discussion and conclusion.",
                "paragraphs": [
                    {
                        "id": "S6.p1",
                        "content": "The exerimental data and the model presented here are using a monochromatic source to both induce and probe the multi-photon Rabi oscillations. Therefore, we restrict the types of multi-photon transitions that are measurable, to those which exist at the same resonance static field as the one photon transition (used to induce and probe). In order to probe directly all types of multi-quanta transitions, two tunable frequencies will be needed: one to induce the multi-photon oscillations (i.e. to induce a 2-photon Rabi oscillation: $f_{1}=(E_{1/2}-E_{-3/2})/2$ and one to probe it $f_{2}=E_{1/2}-E_{-1/2}$ ). Note that the experiments described here, with a single or two tunable frequencies, have the appeal of being applicable to on-chip studies, using magnetic detectors placed in strong magnetic fields Chenet al.(2010) ."
                    },
                    {
                        "id": "S6.p2",
                        "content": "In conclusion, we report on single and multi-photon coherent rotations in a $S=5/2$ spin system featuring a cubic anisotropy. The anisotropy is much smaller than the Zeeman splittings, such as the six level scheme shows only a small deviation from an equidistant diagram. This allows us to tune the spin dynamics by either compensating the cubic anisotropy with a precise static field orientation, or by microwave field intensity. In both cases, we can transit the system between an anisotropic to an isotropic situation, the later case showing a spin dynamics corresponding to a two-level system. The experimental data is well explained by both a theoretical and numerical model."
                    }
                ]
            },
            {
                "id": "A1",
                "tag": "Appendix A",
                "title": "Eigenvalues of dressed states",
                "paragraphs": [
                    {
                        "id": "A1.p1",
                        "content": "Diagonalization of Hamiltonian ( 6 ) can be achieved analytically. Since the most relevant parameter is the value of the microwave field compared to the anharmonicity parameter $pa$ , we define the reduced field $\\tilde{h}=\\gamma h_{mw}/(2pa)$ . The eigenvalues of ( 6 ) are the solutions of the polynomial equations : \n \n $\\displaystyle\\mathcal{P}_{\\pm}$ $\\displaystyle=$ $\\displaystyle 6\\pm 9\\tilde{h}+18\\tilde{h}^{2}\\pm 15\\tilde{h}^{3}\\dots$  (11) \n $\\displaystyle+(-14\\mp 12\\tilde{h}-26\\tilde{h}^{2})\\mathcal{E}\\mp 12\\tilde{h}\\mathcal{E}^{2}+8\\mathcal{E}^{3}=0$ \n \n (i) For $\\tilde{h}\\rightarrow 0$ , in first-order perturbation, equation ( 11 ) becomes : \n \n $\\mathcal{P}_{\\pm}\\approx 6\\pm 9\\tilde{h}+(-14\\mp 12\\tilde{h})\\mathcal{E}\\mp 12\\tilde{h}\\mathcal{E}^{2}+8\\mathcal{E}^{3}=0$  (12) \n with solutions $\\mathcal{E}_{1,2}=1\\pm 1.5\\tilde{h}$ , $\\mathcal{E}_{3,4}=0.5$ and $\\mathcal{E}_{5,6}=-1.5$ . The RWA wavefunctions are now : $|\\Psi_{1}\\rangle=(|1/2\\rangle+|-1/2\\rangle)/\\sqrt{2}$ , $|\\Psi_{2}\\rangle=(|1/2\\rangle-|-1/2\\rangle)/\\sqrt{2}$ , $|\\Psi_{3}\\rangle=|5/2\\rangle$ , $|\\Psi_{4}\\rangle=|-5/2\\rangle$ , $|\\Psi_{5}\\rangle=|3/2\\rangle$ and $|\\Psi_{6}\\rangle=|-3/2\\rangle$ . Rabi oscillations occur only between states $|\\Psi_{1}\\rangle$ and $|\\Psi_{2}\\rangle$ with frequency: $F^{1}_{R}=(\\mathcal{E}_{1}-\\mathcal{E}_{2})pa$ (see Eq. 7 ). We found the classical result that during the resonance, $|1/2\\rangle$ and $|-1/2\\rangle$ are mixed by the EM-wave and the other states stay unperturbed."
                    },
                    {
                        "id": "A1.p2",
                        "content": "(ii) When $\\tilde{h}$ is increased, we computed the solutions of ( 11 ) up to the fifth-order perturbation in $\\tilde{h}$ . The Rabi frequencies $F_{R}=(\\mathcal{E}_{+}-\\mathcal{E}_{-})|pa|$ are: \n \n $\\displaystyle F_{R}^{1}$ $\\displaystyle=$ $\\displaystyle pa\\left(3\\tilde{h}-\\frac{24\\tilde{h}^{3}}{25}-\\frac{768\\tilde{h}^{5}}{125}\\right),$  (13) \n \n $\\displaystyle F_{R}^{3}$ $\\displaystyle=$ $\\displaystyle pa\\left(\\frac{24\\tilde{h}^{3}}{25}-\\frac{339\\tilde{h}^{5}}{250}\\right),$  (14) \n \n $\\displaystyle F_{R}^{5}$ $\\displaystyle=$ $\\displaystyle pa\\left(\\frac{15\\tilde{h}^{5}}{2}\\right).$  (15) \n"
                    },
                    {
                        "id": "A1.p3",
                        "content": "These equations are used to simulate the continuous lines in Fig. 9 , which are compared to the numerical solutions of Eq. 11 (discrete data points). The inset shows a close-up view at low microwave powers and Rabi frequencies. One can conclude that for powers up to $\\tilde{h}\\sim 1/2$ , the perturbative analysis works very well."
                    },
                    {
                        "id": "A1.p4",
                        "content": "(iii) When $\\tilde{h}\\rightarrow\\infty$ , Eq. ( 11 ) becomes: \n \n $\\mathcal{P}_{\\pm}\\approx\\pm 15\\tilde{h}^{3}-26\\tilde{h}^{2}\\mathcal{E}\\mp 12\\tilde{h}\\mathcal{E}^{2}+8\\mathcal{E}^{3}=0$  (16) \n with solutions $\\mathcal{E}_{\\pm}=\\tilde{h}[\\pm\\frac{1}{2};\\mp\\frac{3}{2};\\pm\\frac{5}{2}]$ . They represent dressed states energies of an isotropic spin 5/2 with Rabi frequency: \n \n $F_{5/2}^{iso}=F_{1/2}=\\frac{\\gamma}{2}h_{mw}.$  (17) \n"
                    }
                ]
            }
        ],
        "references": [
            {
                "tag": "Leuenberger and Loss (2001)",
                "ref": "M. N. Leuenberger and D. Loss,Nature (London)410, 789 (2001)."
            },
            {
                "tag": "Leuenbergeret al.(2002)",
                "ref": "M. N. Leuenberger, D. Loss,\nM. Poggio,  and D. D. Awschalom,Phys. Rev. Lett.89, 1\n(2002)."
            },
            {
                "tag": "Graceet al.(2006)",
                "ref": "M. Grace, C. Brif,\nH. Rabitz, I. Walmsley, R. Kosut,  and D. Lidar,New J.\nPhys.8, 35 (2006)."
            },
            {
                "tag": "Grover (1997)",
                "ref": "L. Grover,Phys. Rev. Lett.79, 325 (1997)."
            },
            {
                "tag": "Bertainaet al.(2009a)",
                "ref": "S. Bertaina, L. Chen,\nN. Groll, J. Van Tol, N. S. Dalal,  and I. Chiorescu,Phys. Rev. Lett.102, 50501 (2009a),arXiv:0812.4534."
            },
            {
                "tag": "Blencowe (2010)",
                "ref": "M. Blencowe,Nature (London)468, 44 (2010)."
            },
            {
                "tag": "Chiorescuet al.(2010)",
                "ref": "I. Chiorescu, N. Groll,\nS. Bertaina, T. Mori,  and S. Miyashita,Phys.\nRev. B82, 024413\n(2010),arXiv:1004.3605."
            },
            {
                "tag": "Kuboet al.(2010)",
                "ref": "Y. Kubo, F. Ong, P. Bertet, D. Vion, V. Jacques, D. Zheng, A. Dréau, J.-F. Roch, A. Auffeves, F. Jelezko,\nJ. Wrachtrup, M. Barthe, P. Bergonzo,  and D. Esteve,Phys. Rev. Lett.105, 1\n(2010)."
            },
            {
                "tag": "Schusteret al.(2010)",
                "ref": "D. Schuster, A. Sears,\nE. Ginossar, L. DiCarlo, L. Frunzio, J. Morton, H. Wu, G. Briggs, B. Buckley,\nD. Awschalom,  and R. Schoelkopf,Phys. Rev. Lett.105(2010), 10.1103/PhysRevLett.105.140501."
            },
            {
                "tag": "Akimovet al.(2007)",
                "ref": "A. V. Akimov, A. Mukherjee,\nC. L. Yu, D. E. Chang, A. S. Zibrov, P. R. Hemmer, H. Park,  and M. D. Lukin,Nature\n(London)450, 402\n(2007)."
            },
            {
                "tag": "Hansonet al.(2008)",
                "ref": "R. Hanson, V. V. Dobrovitski, A. E. Feiguin, O. Gywat,  and D. D. Awschalom,Science320, 352 (2008)."
            },
            {
                "tag": "Duttet al.(2007)",
                "ref": "M. V. G. Dutt, L. Childress, L. Jiang,\nE. Togan, J. Maze, F. Jelezko, A. S. Zibrov, P. R. Hemmer,  and M. D. Lukin,Science (New York, N.Y.)316, 1312 (2007)."
            },
            {
                "tag": "Morleyet al.(2007)",
                "ref": "G. Morley, J. van Tol,\nA. Ardavan, K. Porfyrakis, J. Zhang,  and G. Briggs,Phys. Rev. Lett.98, 220501 (2007)."
            },
            {
                "tag": "Bertainaet al.(2007)",
                "ref": "S. Bertaina, S. Gambarelli, A. Tkachuk,\nI. N. Kurkin, B. Z. Malkin, A. Stepanov,  and B. Barbara,Nature\nnanotechnology2, 39\n(2007),arXiv:0703364."
            },
            {
                "tag": "Bertainaet al.(2009b)",
                "ref": "S. Bertaina, J. H. Shim,\nS. Gambarelli, B. Z. Malkin,  and B. Barbara,Phys. Rev. Lett.103, 226402 (2009b),arXiv:0911.4818."
            },
            {
                "tag": "Nellutlaet al.(2007)",
                "ref": "S. Nellutla, K.-Y. Choi,\nM. Pati, J. van Tol, I. Chiorescu,  and N. S. Dalal,Phys. Rev. Lett.99, 137601 (2007)."
            },
            {
                "tag": "Bertainaet al.(2008)",
                "ref": "S. Bertaina, S. Gambarelli, T. Mitra,\nB. Tsukerblat, A. Müller,  and B. Barbara,Nature\n(London)453, 203\n(2008)."
            },
            {
                "tag": "Takahashiet al.(2009)",
                "ref": "S. Takahashi, J. van Tol,\nC. C. Beedle, D. N. Hendrickson, L.-C. Brunel,  and M. S. Sherwin,Phys. Rev. Lett.102, 4\n(2009),arXiv:0810.1254."
            },
            {
                "tag": "Low (1957)",
                "ref": "W. Low,Phys. Rev.105, 793 (1957)."
            },
            {
                "tag": "Smithet al.(1968)",
                "ref": "S. Smith, P. Auzins,  and J. Wertz,Phys. Rev.166, 222\n(1968)."
            },
            {
                "tag": "Hicke and Dykman (2007)",
                "ref": "C. Hicke and M. Dykman,Phys. Rev. B76, 54436 (2007)."
            },
            {
                "tag": "Schweiger and Jeschke (2001)",
                "ref": "A. Schweiger and G. Jeschke,Principles of pulse electron paramagnetic\nresonance(Oxford University Press, USA, 2001)."
            },
            {
                "tag": "Bloch (1946)",
                "ref": "F. Bloch,Phys. Rev.70, 460 (1946)."
            },
            {
                "tag": "Schenzleet al.(1980)",
                "ref": "A. Schenzle, N. Wong,  and R. Brewer,Phys. Rev. A21, 887\n(1980)."
            },
            {
                "tag": "Kunitomoet al.(1982)",
                "ref": "M. Kunitomo, T. Endo,\nS. Nakanishi,  and T. Hashi,Phys. Rev. A25, 2235 (1982)."
            },
            {
                "tag": "Stoll (1998)",
                "ref": "S. Stoll,J. Magn. Reson.130, 86 (1998)."
            },
            {
                "tag": "Brewer and Hahn (1975)",
                "ref": "R. Brewer and E. Hahn,Phys. Rev. A11, 1641 (1975)."
            },
            {
                "tag": "Bloch and Siegert (1940)",
                "ref": "F. Bloch and A. Siegert,Phys. Rev.57, 522 (1940)."
            },
            {
                "tag": "Leuenberger and Loss (2003)",
                "ref": "M. N. Leuenberger and D. Loss,Phys. Rev. B68, 165317 (2003)."
            },
            {
                "tag": "Chenet al.(2010)",
                "ref": "L. Chen, W. Wernsdorfer,\nC. Lampropoulos, G. Christou,  and I. Chiorescu,Nanotechnology21, 405504 (2010)."
            },
            {
                "tag": "Grollet al.(2010)",
                "ref": "N. Groll, A. Gurevich,  and I. Chiorescu,Phys. Rev. B81(2010), 10.1103/PhysRevB.81.020504."
            },
            {
                "tag": "Grollet al.(2009)",
                "ref": "N. Groll, S. Bertaina,\nM. Pati, N. S. Dalal,  and I. Chiorescu,J. Appl.\nPhys.106, 046106\n(2009),arXiv:0908.3038."
            }
        ]
    },
    "candidate": {
        "doc_id": "1706.00193",
        "arxiv_id": "1706.00193",
        "meta": {
            "date": "2017.06",
            "archive": "Physics",
            "categories": [
                "cond-mat.str-el",
                "cond-mat.mes-hall"
            ],
            "authors": [
                [
                    "Bertaina",
                    "S.",
                    ""
                ],
                [
                    "Yue",
                    "G.",
                    ""
                ],
                [
                    "Dutoit",
                    "C-E",
                    ""
                ],
                [
                    "Chiorescu",
                    "I.",
                    ""
                ]
            ],
            "license": "http://arxiv.org/licenses/nonexclusive-distrib/1.0/",
            "journal-ref": "Phys. Rev. B 96, 024428 (2017)",
            "doi": "10.1103/PhysRevB.96.024428"
        },
        "title": "Forbidden coherent transfer observed between two realizations of quasi-harmonic spin systems",
        "abstract": [
            {
                "id": "id2.2",
                "content": "\nIn this study, we present our findings on multi-photon Rabi oscillations and the precise manipulation of a multi-level system at ambient temperature, specifically for Mn \\textsuperscript{2+} :MgO with a spin state of S=5/2. Our research delves into the dynamics of this system, both within and beyond a quasi-harmonic level arrangement. Notably, the anisotropy in question is significantly diminished in comparison to Zeeman splittings, as illustrated by a six-level scheme that exhibits minimal deviation from an equidistant diagram. This diminished anisotropy affords us the flexibility to modulate the spin behavior through two distinct means: by meticulously adjusting the orientation of a static field to counterbalance the cubic anisotropy, or by managing the intensity of a microwave field. Employing the rotating frame approximation, our experiments are succinctly elucidated by both an analytical model and a comprehensive numerical model. The calculated multi-photon Rabi frequencies demonstrate remarkable congruence with the experimental results.",
                "plagiarism": {
                    "type": "plagiarism",
                    "prompt_type": "medium",
                    "source_paragraph_id": "id2.2"
                }
            }
        ],
        "sections": [
            {
                "id": "S1",
                "tag": "I",
                "title": "Introduction",
                "paragraphs": [
                    {
                        "id": "S1.p1",
                        "content": "Spin systems, due to their substantial coherence and relaxation durations, exhibit potential as quantum bit candidates or as a novel form of quantum random access memory (Blencowe, 2010). In certain investigations, the operation of spin qubits has been demonstrated at temperatures approaching room temperature (Akimov et al., 2007). Recent research has further revealed that in dilute systems, spin-spin dipolar interactions are minimal enough to facilitate coherent, quantum-level manipulations. This is clearly demonstrated in systems such as the nitrogen-vacancy color centers within diamonds (Hanson et al., 2008), N atoms within carbon-60 molecules (Morley et al., 2007), Er³⁺ ions (Bertaina et al., 2007), Cr⁵⁺ ions (Nellutla et al., 2007), and molecular magnets (Bertaina et al., 2008).",
                        "plagiarism": {
                            "type": "plagiarism",
                            "prompt_type": "medium",
                            "source_paragraph_id": "S1.p2"
                        }
                    },
                    {
                        "id": "S1.p2",
                        "content": "Upon incorporating nuclear spin into our model, its complexity increases significantly, yet solvable analytical solutions remain attainable. The Hamiltonian matrix associated with the Manganese(II) ion, specifically \\textsuperscript{55}Mn\\textsuperscript{2+} (with a spin value of S=5/2 and nuclear spin I=5/2), is a formidable 36 x 36 entity. However, if we make the simplifying assumption that no nuclear transitions are forbidden (that is, $\\Delta m_{I}=0$, where $m_{I}$ denotes the projections of nuclear spin), the Hamiltonian (II) may be disassembled into a set of six 6x6 matrices, each adhering to the structure outlined in Equation (2).",
                        "plagiarism": {
                            "type": "plagiarism",
                            "prompt_type": "medium",
                            "source_paragraph_id": "S4.SS1.p10"
                        }
                    },
                    {
                        "id": "S1.p3",
                        "content": "The theoretical framework expounded previously offers a compelling explanation for the multifrequency phenomena observed in Rabi oscillations; however, it falls short in its capacity to explicate the oscillations' intensities, or the temporal development of spin populations. To bridge this gap in understanding, we devised a novel theoretical model, rooted in Hamiltonian (II), which accurately encapsulates the crystal field parameters and the hyperfine coupling between the $S=5/2$ electronic spin and the $I=5/2$ nuclear spin of \\ce{^{55}Mn^{2+}} . This model is instrumental in explaining the experimental data with greater precision.",
                        "plagiarism": {
                            "type": "plagiarism",
                            "prompt_type": "medium",
                            "source_paragraph_id": "S4.SS2.p1"
                        }
                    },
                    {
                        "id": "S1.p4",
                        "content": "In our prior study (Bertainaet et al., 2009a), we successfully demonstrated the manipulation of multi-photon spin coherence in a multi-level system (Mn2+) within a nonmagnetic, highly symmetric MgO matrix. In the current investigation, we explore the potential of harnessing this multi-level system to customize quantum Rabi oscillations through the strategic use of two factors: microwave power and/or magnetic field orientation. To achieve this goal, a magnetic system must possess a clearly defined anisotropy, while remaining small enough to be influenced by standard microwave amplitudes in experimental settings.",
                        "plagiarism": {
                            "type": "plagiarism",
                            "prompt_type": "simple",
                            "source_paragraph_id": "S1.p3"
                        }
                    }
                ]
            },
            {
                "id": "S2",
                "tag": "II",
                "title": "Rabi oscillations of the electro-nuclear transition.",
                "paragraphs": [
                    {
                        "id": "S2.p1",
                        "content": "\nThe expression for the Hamiltonian $\\ H$ is as follows:\n\n$H = \\frac{1}{6}a \\left[ S_x^4 + S_y^4 + S_z^4 - \\frac{S(S+1)(3S^2 - 1)}{5} \\right] + \\gamma \\overrightarrow{H_0} \\cdot \\overrightarrow{S} - A \\overrightarrow{S} \\cdot \\overrightarrow{I} + \\gamma \\overrightarrow{h}_{mw} \\cdot \\overrightarrow{S} \\cos(2\\pi ft)$\n\nIn this equation, $\\gamma$ is the gyromagnetic ratio, which is equal to $g\\mu_{B}/h$, where $g=2.0014$ is the $g$-factor, $\\mu_{B}$ is Bohr's magneton, and $h$ is Planck's constant. The terms $S_{x,y,z}$ represent the spin projection operators, while $\\overrightarrow{S}$ denotes the total spin. The anisotropy constant is $a=55.7$ MHz, and $A=244$ MHz is the hyperfine constant of $\\textsuperscript{55}$ Mn, with nuclear spin $I=5/2$. The variables $h_{mw}$ and $f$ signify the MW amplitude and frequency, respectively, and $\\overrightarrow{H}_{0}$ stands for the static field. It is important to note that the static field is perpendicular to $\\overrightarrow{h}_{mw}$.\n\nIn our experiments, the static field induces a Zeeman splitting approximately equal to $\\gamma H_{0}\\approx f\\sim$ 9 GHz, a value significantly greater than all other interactions described by Eq.(II). This means that:\n\n(i) The direction of $\\overrightarrow{H}_{0}$ can be approximated as the quantization axis.\n\n(ii) Coherent MW driving is limited to levels with the same nuclear spin projection, $m_{I}$. This phenomenon is further discussed in Bertainaet et al. (2009a).",
                        "plagiarism": {
                            "type": "plagiarism",
                            "prompt_type": "medium",
                            "source_paragraph_id": "S2.p2"
                        }
                    },
                    {
                        "id": "S2.p2",
                        "content": "This section proposes a model illustrating the consistent multiphoton Rabi oscillations observed in a large spin system harmonically structured, subjected to monochromatic radiation. To calculate the multiphoton Rabi frequencies, we employed the density matrix theory, as formulated by Brewer and Hahn (1975), for the Mn\\textsuperscript{2+} ion (S = 5/2, I = 5/2) within the rotating frame approximation.",
                        "plagiarism": {
                            "type": "plagiarism",
                            "prompt_type": "simple",
                            "source_paragraph_id": "S4.p1"
                        }
                    },
                    {
                        "id": "S2.p3",
                        "content": "Consider a quantum system with 36 states, represented as $|S_{z}\\otimes I_{z}\\rangle$, where $S_{z}$ and $I_{z}$ are spin components with values ranging from -5/2 to 5/2. This system is subjected to an electromagnetic field. The spin Hamiltonian, denoted as $\\mathcal{H}$, can be expressed as:\n\n$\\mathcal{H} = \\hat{E} + \\hat{V}(t) = \\sum_{S_{z}, I_{z}=-5/2}^{5/2} E_{S_{z}, I_{z}} |S_{z}\\otimes I_{z}\\rangle\\langle S_{z}\\otimes I_{z}| + \\hat{V}(t)$, (2)\n\nwith $E_{S_{z}, I_{z}}$ representing the static energy levels, $\\hat{V}(t) = (\\gamma/2) h_{mw} (\\hat{S}_{+} + \\hat{S}_{-}) \\cos(2\\pi ft)$, where $\\hat{S}_{+}/\\hat{S}_{-}$ are raising/lowering operators. Since $H_{0} \\gg h_{mw}$, we employ the rotating wave approximation (RWA) to render Eq. (2) time-independent. We then apply the unitary transformation $U(t) = \\exp(-i2\\pi f\\hat{S}_{z}t)$ to the Hamiltonian (2) and use the equation:\n\n$\\mathcal{H}_{RWA} = U\\mathcal{H}U^{\\dagger} + i\\hbar\\frac{\\partial U}{\\partial t}U^{\\dagger}$ (3)\n\nfor the transformed Hamiltonian. Subsequently, we perform exact diagonalization on $\\mathcal{H}_{RWA}$. The coherent motion of the spin projection $S_{z}$ is analyzed using the time-dependent Schrödinger equation, and its Fast Fourier Transform (FFT) can reveal multiple Rabi frequencies and beatings (see below).",
                        "plagiarism": {
                            "type": "altered",
                            "prompt_type": "altered"
                        }
                    },
                    {
                        "id": "S2.p4",
                        "content": "\nIn a given system, the anisotropy 'a' and hyperfine 'A' parameters are significantly smaller than the electron Zeeman interaction. This diminutive size suggests that the orientation of the static field serves as the quantization axis, denoted as $\\tilde{z}$. In this new framework, the Hamiltonian (II) is recast in the form of (2). The energy states $E_{S_{z}}$ are derived through exact diagonalization and represent the interplay of the hyperfine coupling.",
                        "plagiarism": {
                            "type": "plagiarism",
                            "prompt_type": "hard",
                            "source_paragraph_id": "S4.SS2.p2"
                        }
                    },
                    {
                        "id": "S2.p5",
                        "content": "The six-level system under consideration is quasi-harmonic, as depicted in Figure 1. Virtual levels, indicated by the dashed and dotted lines, are spaced evenly due to the relationship $g\\mu_{B}H_{0}=hf$. These levels significantly boost the likelihood of multi-photon transitions. Given that $a\\ll hf$, the depiction in Figure 1 overemphasizes the distance between real and virtual levels for clarity. The number of arrows for each monochromatic transition signifies potential multi-photon coherent excitations (single, triple, or quintuple-photon). A coherent Rabi superposition of the states ranging from -5/2 to 5/2 (as labeled on the left side of the figure) can be achieved, with significant dependence on the microwave drive power and time of nutation.",
                        "plagiarism": {
                            "type": "plagiarism",
                            "prompt_type": "simple",
                            "source_paragraph_id": "S2.p3"
                        }
                    },
                    {
                        "id": "S2.p6",
                        "content": "In the vicinity of $\\theta_{CA}$ (compensation angle, 29.67°), the quantitative description of $\\tilde{h}$ becomes quite challenging due to its extreme non-linearity. As $\\tilde{h}$ tends towards infinity at $\\theta_{CA}$, even minuscule deviations in the angle $\\theta$ trigger substantial variations in $\\tilde{h}$. For instance, at 30°, $\\tilde{h}$ amounts to 16.3 times $h_{mw}$, while at 31° and 32°, it reduces to 4.1 and 2.4 times $h_{mw}$, respectively. Given the precision of our goniometer is 1°, a numerical quantitative description around $\\theta_{CA}$ is rendered irrelevant.\n\nQualitatively, it is observed that for $h_{mw}$ exceeding 0.5 mT, the one-photon Rabi frequency diverges from the $F_{R}^{(1)}$ of Equation 7, owing to the emergence of multi-photon processes. As the microwave power increases beyond 1 mT, the single-photon FFT peak becomes inconspicuous (illustrated by empty up triangles), with the five-photon process assuming complete dominance over the dynamics. This dominance is evident in the concordance between the five-photon FFT peaks (filled squares) and the dotted line derived from an isotropic $S=5/2$ model (or a spin 1/2), as per Equation 17.",
                        "plagiarism": {
                            "type": "plagiarism",
                            "prompt_type": "medium",
                            "source_paragraph_id": "S5.SS2.p3"
                        }
                    },
                    {
                        "id": "S2.p7",
                        "content": "In a state of cubic symmetry and under first-order perturbation (where $a$ is much smaller than the base Hamiltonian $H_{0}$), the static energy levels can be expressed as follows:\n\n$E_{\\pm 5/2}$ = $\\pm 5/2\\gamma H_{0} + 1/2pa + \\mathcal{O}(a^{2})$\n\n$E_{\\pm 3/2}$ = $\\pm 3/2\\gamma H_{0} - 3/2pa + \\mathcal{O}(a^{2})$ (3)\n\n$E_{\\pm 1/2}$ = $\\pm 1/2\\gamma H_{0} + pa + \\mathcal{O}(a^{2})$\n\nHere, $p$ is derived from Low's work (1957), where $p$ equals $1 - 5(A^{2}B^{2} + B^{2}C^{2} + C^{2}A^{2})$ with $A$, $B$, and $C$ being the cosine directors of $\\vec{H}_{0}$ with respect to the crystalline axes. For our particular geometry, $p$ is specified as:\n\np = <expression for our geometry>",
                        "plagiarism": {
                            "type": "plagiarism",
                            "prompt_type": "simple",
                            "source_paragraph_id": "S4.SS1.p2"
                        }
                    },
                    {
                        "id": "S2.p8",
                        "content": "Instead of the static field orientation tuning method discussed earlier, there's another approach that relies on microwave (MW) drive intensity. To illustrate this method, we set up a static field close to the compensation angle $\\theta_{CA}$, making the spin system slightly anisotropic. We set the angle $\\theta$ to approximately $31\\pm 1^{\\circ}$ and observe coherent Rabi oscillations as we vary the MW field $h_{mw}$. The FFT peaks (Rabi frequencies) are displayed in Figure 7 as points, and the error bars represent the FFT linewidths. The dashed blue line represents the MW field dependence of the Rabi frequency for a pure 1-photon transition between levels $|-1/2\\rangle\\leftrightarrow|1/2\\rangle$ of the $S=5/2$ system (according to equation 7, $F_{R}=3\\frac{\\gamma}{2}h_{mw}$). The dotted black line shows the MW field dependence of the Rabi frequency for a purely isotropic spin (as described by equation 17, $F_{R}=\\frac{\\gamma}{2}h_{mw}$).\n\nIn this context, $\\gamma$ represents the gyromagnetic ratio, $F_{R}$ is the Rabi frequency, and $h_{mw}$ is the magnitude of the MW field. The compensation angle $\\theta_{CA}$ is a crucial angle that plays a role in setting up the static field for this method.",
                        "plagiarism": {
                            "type": "plagiarism",
                            "prompt_type": "hard",
                            "source_paragraph_id": "S5.SS2.p1"
                        }
                    }
                ]
            },
            {
                "id": "S3",
                "tag": "III",
                "title": "Experimental procedure",
                "paragraphs": [
                    {
                        "id": "S3.p1",
                        "content": "In this study, experimental investigations of Rabi oscillations were conducted using a Bruker Elexsys 680 pulse EPR spectrometer, operating at approximately 9.6 GHz (X-band). The sample was a 3x3x1 millimeter cubic single crystal of MgO, doped with a minimal concentration of Mn2+ ions (approximately a few parts per million). The sample's orientation relative to the static field was meticulously regulated by a goniometer, boasting a precision of one degree, with the rotation axis aligned parallel to the microwave magnetic field vector $\\vec{h}_{mw}$. For the measurements reported in this work, $\\vec{h}_{mw}$ was oriented along the [-110] direction (refer to Fig. 2 insert). All experiments were carried out at ambient temperature. The microwave field strength was calibrated employing the BDPA standard, which consists of a small quantity of BDPA containing isotropic S=1/2 spins, yielding a Rabi frequency of precisely $F_{R}=\\frac{\\mu_{B}h_{mw}}{h}$.",
                        "plagiarism": {
                            "type": "plagiarism",
                            "prompt_type": "medium",
                            "source_paragraph_id": "S3.p1"
                        }
                    },
                    {
                        "id": "S3.p2",
                        "content": "In the immediate aftermath of the $P_{R}$ pulse, spin dephasing and line inconsistencies generate a Free Induction Decay (FID) signal, as first proposed by Bloch (1946). The initial instance of this FID (at $t=\\tau_{R}$) represents the transverse magnetization traced on the $|\\pm 1/2\\rangle$ subset: $\\langle S_{x}\\rangle_{1/2}=\\rho_{-1/2,1/2}+\\rho_{1/2,-1/2}$. However, the spectrometer's dead time ($\\tau_{dt}$ approximately 80 ns) precludes the measurement of this initial point. If the entire inhomogeneous line, with a width of $\\Delta H_{0}$, is excited by a sufficiently brief P \\textsubscript{R} pulse (non-selective pulse, where $\\tau_{R}^{-1}>\\gamma\\Delta H_{0}/2\\pi=0.27$ MHz), the FID is merely the Fourier transform of the absorption line and exhibits an exponential decay in MgO:Mn \\textsuperscript{2+}. Consequently, we integrate the detected FID, and the outcome is proportional to its initial point. It is worth noting that for a broad line (not our situation), as commonly observed in solid-state paramagnetic systems, the FID oscillates, making the initial point less straightforward to identify, as discussed by Schenzleet al., (1980).",
                        "plagiarism": {
                            "type": "plagiarism",
                            "prompt_type": "simple",
                            "source_paragraph_id": "S3.p5"
                        }
                    },
                    {
                        "id": "S3.p3",
                        "content": "Subsequently, an $\\pi/2$ radiofrequency pulse is applied, causing the population residing within the $\\pm 1/2$ energy states to undergo a coherent rotation in the equatorial plane, which is the plane encompassing the $x$ and $y$ axes. The subsequent detection process monitors the free induction decay (FID) of this rotating ensemble, yielding critical data such as: the initial magnetization magnitude in the equatorial plane, the FID decoherence time ($T_{2}^{*}$), and any potential deviation from the static magnetic field's resonance value.",
                        "plagiarism": {
                            "type": "plagiarism",
                            "prompt_type": "medium",
                            "source_paragraph_id": "S3.p7"
                        }
                    },
                    {
                        "id": "S3.p4",
                        "content": "In Fig. 1, it is demonstrated that, under cubic symmetry, three and five photon transitions employ the $|\\pm 1/2\\rangle$ states as intermediaries. This allows for the $\\pi/2$ pulse to differentiate between the diverse multi-photon Rabi oscillations, a result of their distinct frequencies as elucidated in the subsequent theoretical discourse.",
                        "plagiarism": {
                            "type": "plagiarism",
                            "prompt_type": "simple",
                            "source_paragraph_id": "S3.p8"
                        }
                    },
                    {
                        "id": "S3.p5",
                        "content": "Within the S=5/2 system, we present multi-photon Rabi oscillations and the ability to manipulate the system's configuration, transitioning between quasi-harmonic level states. By employing the rotating frame approximation, the experimental results are comprehensively described by both an analytical model and a more encompassing numerical model. The computed multi-photon Rabi frequencies and amplitudes align exceptionally well with the empirical findings.",
                        "plagiarism": {
                            "type": "plagiarism",
                            "prompt_type": "simple",
                            "source_paragraph_id": "S1.p5"
                        }
                    }
                ]
            },
            {
                "id": "S4",
                "tag": "IV",
                "title": "Results and discussions",
                "paragraphs": [
                    {
                        "id": "S4.p1",
                        "content": "Figure 6 displays the Rabi frequencies detected as a function of $\\theta$, obtained through Fast Fourier Transform (FFT) of coherent oscillations. The error bars represent the FFT linewidth and are attributed to Rabi decay processes. The graph is generated using the numerical model detailed in Section IV.2, with no adjustable parameters. The crystal field and hyperfine constant are sourced from Low (1957), while the MW field has been independently calibrated using a standard. The model's correlation with experimental data is generally satisfactory, except when $|pa|$ is minor compared to $\\gamma h_{mw}/2$. Under such conditions, the 4 EPR satellite lines approach the central line and may overlap due to a small inhomogeneity caused by crystal field strain. This overlap results from the high dependency of the multi-photon Rabi frequency on $|pa|$, particularly when it is small. Consequently, the distribution in $|pa|$ leads to a broad distribution of multi-photon Rabi frequencies, causing overdamping of the Rabi oscillation signal.",
                        "plagiarism": {
                            "type": "plagiarism",
                            "prompt_type": "hard",
                            "source_paragraph_id": "S5.SS1.p4"
                        }
                    },
                    {
                        "id": "S4.p2",
                        "content": "For a professional audience, the stated transformation in the rotating frame becomes discernible upon receiving the form (2) for system $\\mathcal{H}$. In an experimental context, the spectrometer signal is a representation of the transient magnetic resonant signal within the rotating frame, resulting from the combination of the signal reflected by the cavity ($S(t)\\cos(2\\pi ft)$) and the reference arm ($\\cos(2\\pi ft)$). This combination yields a frequency-independent signal $S(t)$ and a signal with double frequency that is subsequently filtered. The unitary transformation is determined by the microwave frequency ($f$), with $U(t)\\exp(-i2\\pi\\hat{S}_{z}ft)$ and using Equation (5), we obtain:\n\n$\\mathcal{H}_{RWA}=\\frac{\\gamma}{2}h_{mw}\\hat{S}_{x}+\\hat{E}-f\\hat{S}_{z}$ (8)\n\nFor a fixed nuclear spin ($m_{I}$), the static field ($H_{0}$) is adjusted to meet the condition $E_{1/2}-E_{-1/2}+\\Delta=f$, where $\\Delta$ signifies the detuning of the static field from resonance. As a case in point, the eigenvalues of Hamiltonian (8), for $H_{0}$ aligned along the $[100]$ direction and nuclear projection ($m_{I}$) equal to 1/2, are demonstrated in Figure 4, as a function of field detuning ($\\Delta$). In these simulations, the $h_{mw}=0.8$ mT, strong enough to induce Rabi splitting with three and five photons, as displayed in the insets.",
                        "plagiarism": {
                            "type": "plagiarism",
                            "prompt_type": "simple",
                            "source_paragraph_id": "S4.SS2.p3"
                        }
                    },
                    {
                        "id": "S4.p3",
                        "content": "In the $H_{0}||[001]$ configuration for maximum intensity (p=1), a single frequency is detected, yet its observed value of 57 MHz is lower than the anticipated 1-photon Rabi frequency during the transition between -1/2 and 1/2 states in S=5/2 (62.5 MHz, as shown in Eq. (7) and the red dashed line in Fig. 5). While the multi-photon Rabi oscillation is not discernible, it appears to indirectly influence the expected 1-photon dynamics, as explained in Section IV.1 through the difference $F_{R}^{(1)}-F_{R}^{(1^{\\prime})}=F_{R}^{(3)}$.",
                        "plagiarism": {
                            "type": "plagiarism",
                            "prompt_type": "simple",
                            "source_paragraph_id": "S5.SS1.p2"
                        }
                    },
                    {
                        "id": "S4.p4",
                        "content": "At low power levels, the system exhibits the dynamics typically associated with an anisotropic S=5/2 system, as evidenced by the strong correlation between experimental data (represented by up triangles) and the theoretical trajectory for a single photon process (indicated by a dashed line). As power increases, a three photon process becomes discernible in the Fast Fourier Transform (FFT) analysis (depicted by left triangles), in addition to a five photon process. The latter is suggested by empty squares for shallow FFT peaks and by filled squares for more defined FFT peaks.",
                        "plagiarism": {
                            "type": "plagiarism",
                            "prompt_type": "simple",
                            "source_paragraph_id": "S5.SS2.p2"
                        }
                    },
                    {
                        "id": "S4.p5",
                        "content": "Under conditions of elevated anharmonicity or diminished microwave energy, denoted as $\\tilde{h}\\rightarrow 0$, the states of the system evolve into a coherent superposition. Specifically, the superposition of the states $|\\pm 1/2\\rangle$ is represented by the wavefunctions $|\\Psi_{1}\\rangle$ and $|\\Psi_{2}\\rangle$, where $|\\Psi_{1}\\rangle=(|1/2\\rangle+|-1/2\\rangle)/\\sqrt{2}$ and $|\\Psi_{2}\\rangle=(|1/2\\rangle-|-1/2\\rangle)/\\sqrt{2}$. The remaining wavefunctions, $|\\Psi_{3}\\rangle=|5/2\\rangle$, $|\\Psi_{4}\\rangle=|-5/2\\rangle$, $|\\Psi_{5}\\rangle=|3/2\\rangle$, and $|\\Psi_{6}\\rangle=|-3/2\\rangle$, remain unaffected by these changes.",
                        "plagiarism": {
                            "type": "plagiarism",
                            "prompt_type": "medium",
                            "source_paragraph_id": "S4.SS1.p4"
                        }
                    },
                    {
                        "id": "S4.p6",
                        "content": "As $\\tilde{h}$ approaches infinity, the microwave field stimulates all transitions among the six energy levels, resulting in a coherent driving of these levels via a five-photon process. This system, in turn, behaves analogously to an isotropic spin system with a spin quantum number S equal to 1/2. Notably, the diagonal elements of the Hamiltonian matrix (6) become insignificant, and the diagonalization of the Hamiltonian merely rotates it around the axis of the applied microwave field, $h_{mw}$.",
                        "plagiarism": {
                            "type": "plagiarism",
                            "prompt_type": "medium",
                            "source_paragraph_id": "S4.SS1.p9"
                        }
                    },
                    {
                        "id": "S4.p7",
                        "content": "The results of our research indicate that a strong microwave field is capable of altering the spin behavior from one characteristic of an uneven system, to one resembling a symmetric, quasi-harmonic five-level system, which can be likened to a two-level system for simplification.",
                        "plagiarism": {
                            "type": "plagiarism",
                            "prompt_type": "simple",
                            "source_paragraph_id": "S5.SS2.p4"
                        }
                    }
                ]
            },
            {
                "id": "S5",
                "tag": "V",
                "title": "Conclusion",
                "paragraphs": [
                    {
                        "id": "S5.p1",
                        "content": "\nConsider a quantum system comprising six energy levels, $|S_{z}\\rangle$, where $S_{z}$ ranges from $-5/2$ to $5/2$. This system is subjected to an electromagnetic field in resonance with the energy levels $-1/2$ and $1/2$. Initially, the system's intensity, $I$, is zero. However, we will discuss the influence of nuclear spin later in this discussion. The system's Hamiltonian is defined as:\n\n$\\mathcal{H}=\\hat{E}+\\hat{V}(t)=\\sum_{S_{z}=-5/2}^{5/2}E_{S_{z}}|S_{z}\\rangle\\langle S_{z}|+\\hat{V}(t)$, (2)\n\nwhere $E_{Sz}$ denotes the static energy levels, $\\hat{V}(t)=\\frac{\\gamma}{2}h_{mw}(\\hat{S}_{+}+\\hat{S}_{-})\\cos\\left(2\\pi ft\\right)$ is the time-dependent interaction term, $\\hat{S}_{+}/\\hat{S}_{-}$ are the raising/lowering operators, and $f=E_{1/2}-E_{-1/2}$.",
                        "plagiarism": {
                            "type": "plagiarism",
                            "prompt_type": "simple",
                            "source_paragraph_id": "S4.SS1.p1"
                        }
                    }
                ]
            },
            {
                "id": "Sx1",
                "tag": null,
                "title": "Acknowledgements",
                "paragraphs": [
                    {
                        "id": "Sx1.p1",
                        "content": "The discernible schism between states $|\\Psi_{1}\\rangle$ and $|\\Psi_{2}\\rangle$ is revealed through an oscillatory phenomenon of resonance frequency $F_{R}$, which is equivalent to the energy difference $E_{2}-E_{1}$ as per the established relationship $F_{R} = 3\\frac{\\gamma}{2}h_{mw}$. This observation aligns with the formula proposed by Schweiger and Jeschke in 2001.\n\nParagraph:\nThe separation between the quantum states $|\\Psi_{1}\\rangle$ and $|\\Psi_{2}\\rangle$ is manifested as a resonance oscillation of frequency $F_{R}$, where $F_{R} = E_{2}-E_{1} = 3\\frac{\\gamma}{2}h_{mw}$. This observation conforms to the formula presented by Schweiger and Jeschke in 2001.\n\nParagraph:\nThe distinctiveness of quantum states $|\\Psi_{1}\\rangle$ and $|\\Psi_{2}\\rangle$ is demonstrated through a resonance oscillation of frequency $F_{R}$, a frequency that corresponds to the energy gap $E_{2}-E_{1}$, which is equal to $3\\frac{\\gamma}{2}h_{mw}$. This finding aligns with the formula postulated by Schweiger and Jeschke in 2001.\n\nParagraph:\nThe differentiation between quantum states $|\\Psi_{1}\\rangle$ and $|\\Psi_{2}\\rangle$ is evidenced by a resonance oscillation of frequency $F_{R}$, with $F_{R}$ being equivalent to the energy disparity $E_{2}-E_{1}$, which can be expressed as $3\\frac{\\gamma}{2}h_{mw}$. This observation mirrors the formula formulated by Schweiger and Jeschke in 2001.\n\nParagraph:\nThe division between quantum states $|\\Psi_{1}\\rangle$ and $|\\Psi_{2}\\rangle$ is signified by a resonance oscillation of frequency $F_{R}$, where $F_{R}$ represents the energy disparity $E_{2}-E_{1}$, equal to $3\\frac{\\gamma}{2}h_{mw}$. This observation accords with the formula propounded by Schweiger and Jeschke in 2001.\n\nParagraph:\nThe segregation between quantum states $|\\Psi_{1}\\rangle$ and $|\\Psi_{2}\\rangle$ is indicated by a resonance oscillation of frequency $F_{R}$, with $F_{R}$ symbolizing the energy disparity $E_{2}-E_{1}$, equal to $3\\frac{\\gamma}{2}h_{mw}$. This observation conforms to the formula advanced by Schweiger and Jeschke in 2001.\n\nParagraph:\nThe divergence between quantum states $|\\Psi_{1}\\rangle$ and $|\\Psi_{2}\\rangle$ is discerned through a resonance oscillation of frequency $F_{R}$, where $F_{R}$ denotes the energy disparity $E_{2}-E_{1}$, equal to $3\\frac{\\gamma}{2}h_{mw}$. This finding corresponds to the formula proposed by Schweiger and Jeschke in 2001.\n\nParagraph:\nThe dissimilarity between quantum states $|\\Psi_{1}\\rangle$ and $|\\Psi_{2}\\rangle$ is detected via a resonance oscillation of frequency $F_{R}$, with $F_{R}$ signifying the energy disparity $E_{2}-E_{1}$, equal to $3\\frac{\\gamma}{2}h_{mw}$. This observation harmonizes with the formula posited by Schweiger and Jeschke in 2001.\n\nParagraph:\nThe disparity between quantum states $|\\Psi_{1}\\rangle$ and $|\\Psi_{2}\\rangle$ is perceived through a resonance oscillation of frequency $F_{R}$, where $F_{R}$ stands for the energy disparity $E_{2}-E_{1}$, equal to $3\\frac{\\gamma}{2}h_{mw}$. This observation resonates with the formula suggested by Schweiger and Jeschke in 2001.\n\nParagraph:\nThe contrast between quantum states $|\\Psi_{1}\\rangle$ and $|\\Psi_{2}\\rangle$ is observed through a resonance oscillation of frequency $F_{R}$, where $F_{R}$ symbolizes the energy disparity $E_{2}-E_{1}$, equal to $3\\frac{\\gamma}{2}h_{mw}$. This observation agrees with the formula articulated by Schweiger and Jeschke in 2001.",
                        "plagiarism": {
                            "type": "plagiarism",
                            "prompt_type": "medium",
                            "source_paragraph_id": "S4.SS1.p5"
                        }
                    }
                ]
            }
        ],
        "references": [
            {
                "tag": "Muhonen et al. (2014)",
                "ref": "J. T. Muhonen,\nJ. P. Dehollain,\nA. Laucht,\nF. E. Hudson,\nR. Kalra,\nT. Sekiguchi,\nK. M. Itoh,\nD. N. Jamieson,\nJ. C. McCallum,\nA. S. Dzurak,\net al.,Storing quantum information for\n30 seconds in a nanoelectronic device, Nat.\nNanotechnol.9, 986\n(2014)."
            },
            {
                "tag": "Goryca et al. (2014)",
                "ref": "M. Goryca,\nM. Koperski,\nP. Wojnar,\nT. Smoleński,\nT. Kazimierczuk,\nA. Golnik, and\nP. Kossacki,Coherent Precession of an Individual 5/2 Spin,\nPhys. Rev. Lett.113,\n227202 (2014)."
            },
            {
                "tag": "Leuenberger and Loss (2001)",
                "ref": "M. N. Leuenberger\nand D. Loss,Quantum computing in molecular magnets,\nNature410,\n789 (2001)."
            },
            {
                "tag": "Nellutla et al. (2007)",
                "ref": "S. Nellutla,\nK. Y. Choi,\nM. Pati,\nJ. van Tol,\nI. Chiorescu,\nand N. S. Dalal,Coherent manipulation of electron spins up to ambient\ntemperatures in Cr+5{{}^{5}+}(S=1/2) doped K3NbO8,\nPhys. Rev. Lett.99,\n(2007)."
            },
            {
                "tag": "Bertaina et al. (2007)",
                "ref": "S. Bertaina,\nS. Gambarelli,\nA. Tkachuk,\nI. N. Kurkin,\nB. Malkin,\nA. Stepanov, and\nB. Barbara,Rare-earth solid-state qubits,\nNat. Nanotechnol.2,\n39 (2007)."
            },
            {
                "tag": "Bertaina et al. (2008)",
                "ref": "S. Bertaina,\nS. Gambarelli,\nT. Mitra,\nB. Tsukerblat,\nA. Müller,\nand B. Barbara,Quantum oscillations in a molecular magnet.,\nNature453,\n203 (2008)."
            },
            {
                "tag": "Probst et al. (2015)",
                "ref": "S. Probst,\nH. Rotzinger,\nA. V. Ustinov,\nand P. A.\nBushev,Microwave multimode memory with\nan erbium spin ensemble, Phys. Rev. B92(2015)."
            },
            {
                "tag": "Bertaina\net al. (2009a)",
                "ref": "S. Bertaina,\nJ. H. Shim,\nS. Gambarelli,\nB. Z. Malkin,\nand B. Barbara,Spin-Orbit Qubits of Rare-Earth-Metal Ions in Axially\nSymmetric Crystal Fields, Phys. Rev. Lett.103, 226402\n(2009a)."
            },
            {
                "tag": "Dutt et al. (2007)",
                "ref": "M. V. G. Dutt,\nL. Childress,\nL. Jiang,\nE. Togan,\nJ. Maze,\nF. Jelezko,\nA. S. Zibrov,\nP. R. Hemmer,\nand M. D. Lukin,Quantum register based on individual electronic and\nnuclear spin qubits in diamond, Science316, 1312 (2007)."
            },
            {
                "tag": "Wolfowicz et al. (2015)",
                "ref": "G. Wolfowicz,\nH. Maier-Flaig,\nR. Marino,\nA. Ferrier,\nH. Vezin,\nJ. J. L. Morton,\nand P. Goldner,Coherent Storage of Microwave Excitations in\nRare-Earth Nuclear Spins, Phys. Rev. Lett.114, 170503\n(2015)."
            },
            {
                "tag": "Clausen et al. (2011)",
                "ref": "C. Clausen,\nI. Usmani,\nF. Bussieres,\nN. Sangouard,\nM. Afzelius,\nH. de Riedmatten,\nand N. Gisin,Quantum storage of photonic entanglement in a\ncrystal, Nature469,\n508 (2011)."
            },
            {
                "tag": "Wolga and Tseng (1964)",
                "ref": "G. Wolga and\nR. Tseng,Forbidden Transitions in the Paramagnetic-Resonance\nSpectrum of Mn2+in Cubic MgO, Phys. Rev.133, A1563\n(1964)."
            },
            {
                "tag": "Smith et al. (1968)",
                "ref": "S. R. P. Smith,\nP. V. Auzins,\nand J. E. Wertz,Angular Dependence of the Intensities of ”Forbidden”\nTransitions of Mn2+ in MgO, Phys. Rev.166, 222 (1968)."
            },
            {
                "tag": "Fataftah et al. (2016)",
                "ref": "M. S. Fataftah,\nJ. M. Zadrozny,\nS. C. Coste,\nM. J. Graham,\nD. M. Rogers,\nand D. E.\nFreedman,Employing forbidden\ntransitions as qubits in a nuclear spin-free chromium complex,\nJ. Am. Chem. Soc.138,\n1344 (2016)."
            },
            {
                "tag": "Bertaina\net al. (2009b)",
                "ref": "S. Bertaina,\nL. Chen,\nN. Groll,\nJ. Van Tol,\nN. S. Dalal, and\nI. Chiorescu,Multiphoton Coherent Manipulation in Large-Spin\nQubits, Phys. Rev. Lett.102, 50501\n(2009b)."
            },
            {
                "tag": "Bertaina et al. (2011)",
                "ref": "S. Bertaina,\nN. Groll,\nL. Chen, and\nI. Chiorescu,Tunable multiphoton Rabi oscillations in an electronic\nspin system, Phys. Rev. B84, 134433\n(2011)."
            },
            {
                "tag": "Bertaina et al. (2015)",
                "ref": "S. Bertaina,\nM. Martens,\nM. Egels,\nD. Barakel, and\nI. Chiorescu,Resonant single-photon and multiphoton coherent\ntransitions in a detuned regime, Phys. Rev. B92, 24408 (2015)."
            },
            {
                "tag": "Hicke and Dykman (2007)",
                "ref": "C. Hicke and\nM. I. Dykman,Multiphoton antiresonance in large-spin systems,\nPhys. Rev. B76,\n(2007)."
            },
            {
                "tag": "Leuenberger and Loss (2003)",
                "ref": "M. N. Leuenberger\nand D. Loss,Grover algorithm for large nuclear spins in\nsemiconductors, Phys. Rev. B68, 165317\n(2003)."
            },
            {
                "tag": "Chiorescu et al. (2010)",
                "ref": "I. Chiorescu,\nN. Groll,\nS. Bertaina,\nT. Mori, and\nS. Miyashita,Magnetic strong coupling in a spin-photon system and\ntransition to classical regime, Phys. Rev. B82, 24413 (2010)."
            },
            {
                "tag": "Kubo et al. (2010)",
                "ref": "Y. Kubo,\nF. R. Ong,\nP. Bertet,\nD. Vion,\nV. Jacques,\nD. Zheng,\nA. Dreau,\nJ. F. Roch,\nA. Auffeves,\nF. Jelezko,\net al.,Strong Coupling of a Spin\nEnsemble to a Superconducting Resonator, Phys. Rev.\nLett.105(2010)."
            },
            {
                "tag": "Schuster et al. (2010)",
                "ref": "D. I. Schuster,\nA. P. Sears,\nE. Ginossar,\nL. DiCarlo,\nL. Frunzio,\nJ. J. L. Morton,\nH. Wu,\nG. A. D. Briggs,\nB. B. Buckley,\nD. D. Awschalom,\net al.,High-Cooperativity Coupling of\nElectron-Spin Ensembles to Superconducting Cavities,\nPhys. Rev. Lett.105(2010)."
            },
            {
                "tag": "Drumheller and Rubins (1964)",
                "ref": "J. E. Drumheller\nand R. S.\nRubins,”Forbidden” Hyperfine\nTransitions in the Electron Paramagnetic Resonance of Mn2+in Cubic\nMgO, Phys. Rev.133,\nA1099 (1964)."
            },
            {
                "tag": "Cohen-Tannoudji\net al. (2006)",
                "ref": "C. Cohen-Tannoudji,\nB. Diu, and\nF. Laloë,Quantum Mechanics Vol.2(John\nWiley & Sons, Inc., New York, 2006)."
            },
            {
                "tag": "De Raedt et al. (2012)",
                "ref": "H. De Raedt,\nB. Barbara,\nS. Miyashita,\nK. Michielsen,\nS. Bertaina, and\nS. Gambarelli,Quantum simulations and experiments on Rabi\noscillations of spin qubits: Intrinsic vs extrinsic damping,\nPhys. Rev. B85,\n014408 (2012)."
            },
            {
                "tag": "Baibekov et al. (2011)",
                "ref": "E. Baibekov,\nI. Kurkin,\nM. Gafurov,\nB. Endeward,\nR. Rakhmatullin,\nand G. Mamin,Coherence times and rabi oscillations in\nCaWO4:Cr5+crystal, J. Magn. Reson.209, 61 (2011)."
            }
        ]
    }
}